-- phpMyAdmin SQL Dump
-- version 5.2.1
-- https://www.phpmyadmin.net/
--
-- Hôte : localhost
-- Généré le : lun. 05 fév. 2024 à 10:35
-- Version du serveur : 11.2.2-MariaDB
-- Version de PHP : 8.3.2

SET SQL_MODE = "NO_AUTO_VALUE_ON_ZERO";
START TRANSACTION;
SET time_zone = "+00:00";


/*!40101 SET @OLD_CHARACTER_SET_CLIENT=@@CHARACTER_SET_CLIENT */;
/*!40101 SET @OLD_CHARACTER_SET_RESULTS=@@CHARACTER_SET_RESULTS */;
/*!40101 SET @OLD_COLLATION_CONNECTION=@@COLLATION_CONNECTION */;
/*!40101 SET NAMES utf8mb4 */;

--
-- Base de données : `solid-blog`
--

-- --------------------------------------------------------

--
-- Structure de la table `category`
--

CREATE TABLE `category` (
  `id` int(11) NOT NULL,
  `name` varchar(255) NOT NULL
) ENGINE=InnoDB DEFAULT CHARSET=utf8mb4 COLLATE=utf8mb4_general_ci;

--
-- Déchargement des données de la table `category`
--

INSERT INTO `category` (`id`, `name`) VALUES
(1, 'odio'),
(2, 'expedita'),
(3, 'autem'),
(4, 'totam'),
(5, 'doloribus'),
(6, 'ea'),
(7, 'recusandae'),
(8, 'dolor'),
(9, 'a'),
(10, 'nihil'),
(11, 'non'),
(12, 'et'),
(13, 'enim'),
(14, 'ut'),
(15, 'corrupti'),
(16, 'illum'),
(17, 'consequuntur'),
(18, 'non'),
(19, 'voluptas'),
(20, 'sunt');

-- --------------------------------------------------------

--
-- Structure de la table `comment`
--

CREATE TABLE `comment` (
  `id` int(11) NOT NULL,
  `content` text NOT NULL,
  `created_at` datetime NOT NULL,
  `user_id` int(11) NOT NULL,
  `post_id` int(11) NOT NULL
) ENGINE=InnoDB DEFAULT CHARSET=utf8mb4 COLLATE=utf8mb4_general_ci;

--
-- Déchargement des données de la table `comment`
--

INSERT INTO `comment` (`id`, `content`, `created_at`, `user_id`, `post_id`) VALUES
(1, 'Asperioresiuydsgfjdhsgfdhjsfbgdsjhfbdsjfhbdsjfhbdsjfhbdsfjhdsbfjhdsbfjhdsfbdjshfbdjsfhbjhfbds', '2023-10-03 00:21:59', 5, 68),
(2, 'Et enim fugit quibusdam autem. Maiores odit soluta aperiam quia in dicta iure.', '2023-09-06 19:27:39', 4, 81),
(3, 'Necessitatibus vel quibusdam quia nulla ut. Sint veritatis quaerat necessitatibus vero assumenda qui maiores. Quia mollitia sunt dolor ducimus maiores commodi dolor.', '2023-12-31 16:23:05', 1, 46),
(4, 'Quo cumque est voluptas eius qui voluptatum dicta. Maiores iure nihil impedit dolor velit. Et qui pariatur consequatur.', '2023-08-03 04:21:37', 1, 85),
(5, 'Similique qui possimus et nostrum id aperiam perspiciatis. Libero culpa consequatur eaque id nemo voluptas harum quo.', '2024-01-31 12:33:22', 7, 88),
(6, 'Sed qui quo animi rerum nisi adipisci. Fuga aut fuga maxime fugit quas facilis esse. Nesciunt vel amet a officiis quaerat.', '2024-01-01 11:23:27', 9, 33),
(7, 'Mollitia aliquid similique reprehenderit qui. Et sed incidunt commodi quia libero harum.', '2023-09-17 21:36:14', 6, 13),
(8, 'Minus quo aperiam qui. Nihil mollitia nostrum temporibus assumenda in tenetur rerum.', '2024-01-06 01:41:34', 3, 98),
(9, 'Laborum ipsum nihil qui libero. Ipsum ipsam ipsam et tempora occaecati reprehenderit ad.', '2023-12-30 13:55:02', 7, 10),
(10, 'Voluptas sed sit reprehenderit. Nihil est alias inventore ut. Molestiae atque aut distinctio qui voluptatibus saepe alias.', '2024-01-22 04:25:45', 7, 48),
(11, 'Omnis qui laboriosam labore nobis aspernatur cupiditate consequatur. Nobis delectus fugit recusandae dolorem.', '2023-10-18 18:37:08', 1, 17),
(12, 'Aut sunt iure voluptate non unde ut vero. Aut fugiat culpa et animi. At est velit ut molestiae exercitationem.', '2023-10-06 00:37:05', 6, 52),
(13, 'Rerum officiis voluptatem aut iusto ut atque. Explicabo minima non eum odio repellendus debitis. Voluptas voluptate deleniti voluptatum neque necessitatibus.', '2023-08-16 13:11:48', 6, 78),
(14, 'Quo odit dolor quibusdam dolore a cupiditate. Non voluptatem minus dolores fuga sint temporibus aperiam.', '2023-12-05 08:45:00', 5, 32),
(15, 'Ab quam est voluptatibus a facilis et. Sint dolorem beatae nostrum vero nulla atque corporis.', '2023-10-21 12:09:17', 6, 51),
(16, 'Dolores voluptatem harum atque libero. Fugiat qui et iste.', '2024-01-05 17:18:33', 2, 1),
(17, 'Repellat vitae dolorem est cum. Velit similique possimus placeat nobis veritatis blanditiis provident.', '2023-09-17 01:49:15', 2, 8),
(18, 'Ut voluptates suscipit et sequi rerum. Voluptas tempore rerum nihil occaecati in.', '2023-09-03 10:57:05', 3, 6),
(19, 'Non nemo consequatur eaque quia. Velit ad dolor ea et est iste. Quis labore accusantium officia facere aut ut.', '2023-11-07 21:12:32', 8, 78),
(20, 'Sint voluptatem facilis est dolor voluptas eum molestiae quo. Beatae quis aspernatur tempore et consequuntur. Quis ea ab quia ab molestiae tenetur.', '2023-09-22 14:53:45', 1, 85),
(21, 'In dolorem qui nobis doloremque optio veritatis. Impedit eos tempora magnam voluptatem rerum qui.', '2023-09-15 09:39:50', 10, 49),
(22, 'Est totam sed mollitia dolore est qui. Officiis ducimus placeat eius minus maiores vel est. Consequatur porro et sapiente ut.', '2024-01-06 22:56:06', 4, 42),
(23, 'Magnam non voluptatum delectus ipsam qui. Ut facilis est natus et. Soluta et voluptatum facere vel.', '2024-01-26 06:08:58', 9, 57),
(24, 'Aut et est maiores in. Aut quod quasi et dolores qui vero. Nemo porro et quasi repudiandae quasi placeat quo.', '2023-11-04 02:08:17', 4, 90),
(25, 'Aliquid alias ullam ea. Assumenda fugit alias nulla commodi voluptas.', '2023-09-05 03:19:01', 9, 23),
(26, 'Aut et consequatur repellat non id. Quaerat explicabo ipsa voluptates illo repudiandae nulla. Ut in labore doloremque voluptate in.', '2023-11-08 15:35:46', 1, 41),
(27, 'Praesentium vitae vel nihil ut. Atque fuga dolorem nihil voluptatibus aliquid laborum.', '2023-08-06 12:17:08', 9, 21),
(28, 'Illum quia odit qui enim nobis id temporibus. Consequatur hic doloribus omnis tempora aliquam vero.', '2023-11-01 09:24:39', 1, 89),
(29, 'Magni non blanditiis et eos dicta. Ut quia neque odit est.', '2024-01-09 04:16:12', 1, 95),
(30, 'Quia error maxime id voluptate. Suscipit dolorum possimus repellat odit rerum aspernatur. Rerum ut et omnis ex iste.', '2023-11-09 00:00:30', 1, 8),
(31, 'Vel nulla provident illo non dolor qui. Repellendus omnis inventore et quia voluptas sit.', '2023-09-18 06:49:49', 9, 6),
(32, 'Est debitis aut sit tempora officia ut aut reiciendis. Modi quia odit tenetur quia.', '2023-08-15 00:04:18', 8, 14),
(33, 'Facilis non reiciendis libero pariatur. Sequi et minima molestias sunt consequatur quis rerum. Inventore qui odio alias assumenda.', '2023-12-04 00:05:20', 1, 25),
(34, 'Et facilis quam maiores quod enim. Ut laborum recusandae sapiente nam expedita ad.', '2023-08-24 01:52:53', 3, 8),
(35, 'Asperiores cum commodi quae. Animi explicabo ex ratione consequatur at.', '2023-12-01 12:12:30', 6, 98),
(36, 'Totam soluta nostrum consequatur non ut unde a. Minima voluptatibus voluptatum laboriosam nostrum dicta maiores voluptas.', '2023-12-16 17:11:41', 1, 98),
(37, 'Autem est in delectus odio nemo molestiae impedit. Quam fugit dolores accusantium explicabo sed. Aperiam cumque voluptatem voluptas ut autem et ut.', '2023-09-26 18:12:37', 10, 97),
(38, 'Numquam molestiae qui atque asperiores reprehenderit sit voluptates ullam. Quas laudantium harum rerum nobis. Hic dolore autem expedita temporibus expedita culpa.', '2023-10-22 15:54:57', 6, 61),
(39, 'Dolorem nisi recusandae voluptate ipsa quia distinctio at in. Recusandae rerum praesentium quis adipisci. Aut voluptatem optio ad est.', '2023-10-10 04:11:45', 1, 18),
(40, 'Beatae nam itaque fuga qui dolores at et quisquam. Est velit ducimus itaque perspiciatis tempore.', '2023-09-09 17:22:09', 1, 2),
(41, 'Modi accusamus unde cumque praesentium nesciunt sed voluptas. Eius sunt deserunt perspiciatis sapiente quidem maxime est. Officiis dignissimos nihil molestiae aut.', '2023-12-21 11:12:03', 3, 42),
(42, 'Quia incidunt architecto aliquam magnam. Excepturi ut culpa nihil corrupti.', '2023-11-22 20:17:57', 6, 67),
(43, 'Aut magni id excepturi blanditiis ut ut explicabo. Magni et et nisi quas quis voluptas.', '2023-08-26 13:23:45', 6, 100),
(44, 'Quidem facere et dolores ea sunt. Nulla qui ex dolorum. Neque facere sequi inventore ex similique.', '2023-11-18 01:52:44', 5, 82),
(45, 'Accusantium temporibus optio labore sed consectetur atque sit. Explicabo ipsa vel ut excepturi commodi aut earum voluptatem. Voluptatem neque culpa expedita est.', '2023-09-15 14:50:40', 5, 23),
(46, 'Non inventore necessitatibus consequatur. Voluptas rerum architecto quasi soluta blanditiis quis reiciendis.', '2023-09-30 07:59:12', 3, 65),
(47, 'Molestiae voluptate non pariatur reprehenderit hic aut sed. Enim excepturi quo occaecati a et quis. Est nemo et reiciendis vitae consequatur mollitia sint.', '2023-12-03 00:02:01', 4, 46),
(48, 'Porro illum quaerat molestiae exercitationem qui et aut. Ut ut laborum ut omnis rerum. Voluptas dicta occaecati maiores qui ab.', '2023-10-28 02:28:06', 4, 72),
(49, 'Libero omnis quo labore dolores nihil recusandae. Aut impedit placeat distinctio ut.', '2023-09-06 08:50:38', 1, 51),
(50, 'Velit at aut illo quos reprehenderit alias cum. Perspiciatis eius accusamus qui nihil accusamus non ullam. Aut rem dolorem in suscipit sint tempore sit.', '2023-10-29 05:56:10', 4, 7),
(51, 'Mollitia veritatis eaque atque doloremque consequatur aut et. Accusantium tenetur quia nihil a. Aperiam et asperiores dolorem qui ullam et.', '2023-12-06 14:26:36', 4, 85),
(52, 'Deserunt esse ullam magni eos velit nemo. Atque accusamus inventore et asperiores omnis numquam maiores voluptas. Ut hic dicta voluptate qui odit qui.', '2024-01-20 08:56:12', 10, 98),
(53, 'Recusandae sequi vero sint dolores rerum fugiat corrupti. Voluptatum suscipit omnis dolore eum sapiente.', '2023-08-15 16:46:23', 8, 5),
(54, 'Voluptatum fuga facilis odio omnis animi modi quia et. Dolorem quo labore blanditiis voluptates delectus a amet accusamus. Blanditiis esse sit qui sapiente et.', '2024-01-01 10:05:46', 4, 24),
(55, 'Esse non sapiente molestiae nihil reiciendis non. Quidem odio quas accusamus distinctio repellat voluptatem velit. Non qui dolor eum provident.', '2023-09-13 17:01:42', 6, 41),
(56, 'Corporis eligendi perspiciatis velit sunt qui voluptatibus. Ipsum totam sequi ut dolor voluptas voluptas impedit. Nihil nihil ipsam laboriosam amet iusto laboriosam.', '2023-09-18 16:48:18', 6, 93),
(57, 'Blanditiis cum ut eaque et voluptatem officiis. Accusantium vel cupiditate debitis autem sed.', '2024-01-16 03:02:10', 8, 81),
(58, 'Repellat vero eos aliquam ullam. Fuga aut suscipit omnis aliquid odit dolorum aut. Et soluta modi rerum amet.', '2023-12-14 13:37:29', 2, 89),
(59, 'Eos est perspiciatis incidunt aut aliquid vero. Veritatis eum quaerat rerum possimus a laborum.', '2023-10-22 19:16:13', 1, 44),
(60, 'Sint quo nemo omnis molestiae placeat dolores. Ut fugiat asperiores veritatis suscipit enim itaque. Aut iure optio ut porro culpa enim modi.', '2023-09-22 22:45:09', 8, 57),
(61, 'Et earum vel illo ut quibusdam. Sunt delectus tempora tempore molestias facilis quae.', '2024-01-16 12:53:19', 4, 55),
(62, 'Ut soluta quam ad qui aut. Id quidem accusamus enim est praesentium. Expedita explicabo labore nihil corrupti ex dolores.', '2023-09-04 10:49:36', 5, 61),
(63, 'Sed et molestiae expedita et earum cumque molestiae vel. Quidem impedit ea eligendi aut excepturi voluptates fuga. Tenetur et eaque consectetur.', '2023-09-30 16:56:40', 4, 70),
(64, 'Dolorem voluptatem tempore qui quo. Est enim dolorum laborum corporis aliquid.', '2024-01-22 09:22:01', 2, 52),
(65, 'Dicta temporibus praesentium ut velit praesentium nulla qui. Quaerat sit non iure iste ut. Non exercitationem dicta fugiat.', '2023-10-27 05:28:44', 5, 77),
(66, 'Molestiae fugiat nihil in rerum. Architecto eum recusandae beatae eum incidunt dolorem veritatis. Ut dolorem at modi quia.', '2023-10-18 18:50:50', 1, 95),
(67, 'Ea hic aliquam vel non quae natus ut. Voluptas voluptate mollitia est odio sunt non maiores. Dolorum maxime voluptatem quasi ea illum voluptatem vero totam.', '2024-01-09 11:20:45', 1, 6),
(68, 'Nemo quam laboriosam vero quas in incidunt. Eum eos ad est aut et. Et similique ea nulla sit dolore illum voluptate.', '2023-09-10 10:08:20', 8, 38),
(69, 'Suscipit id exercitationem ab. Quo culpa et inventore aperiam et officiis facilis aliquam.', '2023-08-06 05:48:44', 4, 71),
(70, 'Laborum quasi et omnis doloribus quis minima. Non doloremque nulla optio et. Assumenda enim voluptatem repellendus voluptatum exercitationem voluptates.', '2023-11-27 21:43:07', 6, 91),
(71, 'Ipsum facere nam rerum soluta facere. Cum explicabo perferendis alias quibusdam aut.', '2023-10-09 19:13:23', 3, 68),
(72, 'Facere dolor possimus aut rem necessitatibus sit labore. Veniam repudiandae est dicta esse temporibus. Est magnam et deleniti rerum quaerat voluptates.', '2023-12-22 06:37:25', 6, 73),
(73, 'Aut perspiciatis esse dolorem ut odit nulla corporis. Dolores voluptatum consequatur eveniet sint et.', '2023-10-07 11:37:53', 10, 30),
(74, 'Id et impedit architecto. Expedita ut sapiente nam iusto qui aut neque. Iste nisi dolor voluptatem est sunt.', '2023-09-12 21:50:17', 10, 25),
(75, 'Sunt at itaque suscipit quia repellat vitae. Nobis quod fugit sunt quas.', '2023-11-21 02:04:20', 9, 69),
(76, 'Aut debitis tenetur neque quam fuga et temporibus. Sed blanditiis non maxime velit fugiat atque. Similique cum enim nobis velit quo est nobis.', '2023-08-03 15:43:22', 2, 22),
(77, 'Facere aut perferendis dolor ipsum consequatur incidunt debitis aut. Sunt et fugiat libero quis aut quo.', '2023-11-06 20:23:08', 10, 81),
(78, 'Ut dignissimos molestias facere exercitationem quia non ullam modi. Et rerum qui quam voluptas. Aliquid delectus explicabo animi similique eos.', '2023-09-22 05:33:05', 9, 31),
(79, 'Illo nemo molestiae facere saepe blanditiis. Ut adipisci in et beatae.', '2023-09-25 05:28:38', 1, 8),
(80, 'Aut aut et facilis quis molestiae eius iure. Nobis nesciunt quidem quo tempora sed sunt magnam. Enim officiis omnis quisquam.', '2023-12-04 11:24:18', 9, 22),
(81, 'Nostrum non aspernatur et cumque quibusdam tempore enim. Sequi placeat tenetur quisquam fuga eligendi soluta. Sint est est illo et quae nisi.', '2023-09-05 19:32:21', 2, 4),
(82, 'Nostrum enim repellat dolorem aliquam architecto. Mollitia quaerat sapiente eos. Eum vel et maxime fugit dolor saepe in.', '2023-11-13 05:16:50', 8, 36),
(83, 'Iusto eos non fuga sequi eveniet. Delectus ut omnis provident qui et iure.', '2023-08-30 01:42:05', 10, 33),
(84, 'Natus ipsam ut aut inventore. Non assumenda iusto neque quidem ad quaerat et.', '2024-01-09 06:32:44', 1, 82),
(85, 'Voluptas repudiandae dolor sed qui omnis ducimus asperiores. Et odio illum natus. Ut corrupti laboriosam dolore.', '2023-11-07 13:26:23', 7, 69),
(86, 'Incidunt rerum et natus voluptatem. Ducimus qui cum et et. Ut numquam nihil incidunt sit.', '2023-12-16 14:52:08', 9, 84),
(87, 'Possimus ut eum voluptatem molestiae explicabo. Voluptatibus ratione maiores velit vero. Id animi quis neque magni in debitis exercitationem suscipit.', '2023-12-18 10:52:52', 5, 15),
(88, 'Itaque modi natus vero at tempora. Ad accusamus quo natus quis sint repellendus.', '2023-09-14 19:53:00', 1, 22),
(89, 'Id qui sed porro. Numquam cum voluptatibus aut sit eos hic.', '2023-12-17 00:51:32', 8, 88),
(90, 'Cumque facere voluptatem illum ipsa dolorum dolore sed. Quia dolorem debitis accusamus est eum nihil. Nam dolorem molestiae maiores rerum quidem et reprehenderit.', '2023-12-09 08:44:18', 6, 8),
(91, 'Possimus molestiae deserunt vitae maiores voluptatum quia soluta. Unde neque deleniti ut dolorem vel. Placeat blanditiis mollitia dolore.', '2023-12-02 05:18:43', 7, 59),
(92, 'Tenetur qui illo voluptas voluptatem sed recusandae. Enim nesciunt quae laborum nulla ratione suscipit aut eos.', '2023-11-06 21:31:12', 4, 84),
(93, 'A illo esse dolor dolore officiis repellat. Sapiente non saepe autem voluptatem non reprehenderit velit suscipit.', '2023-10-17 08:22:03', 10, 48),
(94, 'Nemo ipsa sunt ut commodi in. Tenetur eos ab odit quisquam possimus labore atque sequi. Perspiciatis alias quo quia temporibus cum saepe quas.', '2023-12-25 08:24:07', 5, 11),
(95, 'Qui totam labore suscipit possimus. Numquam aut ab deserunt quas quasi occaecati.', '2023-11-12 13:55:47', 1, 68),
(96, 'Eum ducimus aliquam unde distinctio neque quam enim. Omnis architecto reiciendis dolor voluptatibus facilis tempore. Sapiente id pariatur commodi porro.', '2023-08-22 23:00:53', 7, 87),
(97, 'Quia voluptatum animi ipsa corporis. Quia ea harum architecto vero quia. Assumenda qui consequatur voluptatem itaque.', '2023-11-09 06:38:43', 8, 30),
(98, 'Vitae reiciendis nesciunt rem qui sint amet. Adipisci ad est magni sunt excepturi consequatur. Modi officiis voluptas consequatur nesciunt molestiae harum.', '2023-10-06 08:06:00', 8, 50),
(99, 'Voluptates aut laudantium autem. Incidunt voluptas suscipit omnis ab beatae qui quos itaque. Quia corrupti consectetur commodi dolore dolores a.', '2023-10-22 21:25:46', 6, 51),
(100, 'Et sit quos at consequatur ut vitae. Quis quibusdam dolorem fuga saepe libero.', '2023-09-22 09:54:53', 4, 45),
(101, 'Voluptate delectus architecto magnam quo. Ipsa libero consequatur et nisi aut dolores. Hic laboriosam repudiandae et quis.', '2023-08-15 21:46:31', 9, 43),
(102, 'Non at ut vel. Sit eaque aut non sit.', '2023-11-30 17:45:23', 5, 72),
(103, 'Nobis corporis ut sit ipsa repellat rerum velit. Odio et molestiae perspiciatis ut accusantium quis. Neque non rerum eligendi ut iure.', '2023-10-03 02:55:58', 10, 95),
(104, 'Et quia impedit recusandae labore. Omnis sit non rem fuga quo quasi.', '2023-10-21 23:34:33', 1, 80),
(105, 'Et et debitis enim ut esse repellat repudiandae. Tempore et libero inventore.', '2023-10-03 06:15:50', 4, 100),
(106, 'Cum enim repellendus quia minus assumenda rerum quia. Minus dolores exercitationem omnis officia dolor qui dignissimos.', '2023-10-30 07:23:38', 4, 26),
(107, 'Aliquam non qui vel magni est ipsam odit. Laborum dolor qui qui pariatur autem autem.', '2023-11-10 16:58:27', 3, 51),
(108, 'Iste provident et mollitia. Totam molestiae repudiandae omnis provident quos et.', '2023-12-21 18:23:35', 5, 2),
(109, 'Necessitatibus eum ipsum voluptas molestiae animi iste. Quia autem architecto quo quia ea assumenda.', '2023-07-31 15:29:18', 5, 91),
(110, 'Aut ad asperiores accusamus fuga nulla et. Quis doloremque soluta aut nulla aut mollitia nemo. Possimus et ut quas voluptatem sunt et.', '2023-11-16 03:39:20', 7, 11),
(111, 'Modi dolorum eum est et exercitationem sapiente ut tempore. Consequatur non sed aliquid consequatur magni praesentium facilis omnis. A exercitationem earum doloribus fugiat quod.', '2023-12-19 13:45:15', 9, 36),
(112, 'Quia ipsum minus dolorum ipsam quibusdam vel optio dolorem. Et aliquam voluptatem rem eos molestiae ab.', '2023-08-15 07:46:21', 2, 75),
(113, 'Assumenda nesciunt nulla eos laborum sequi id enim. Ut voluptas odit magnam. Neque quidem ut accusamus tempore.', '2023-12-24 20:59:00', 10, 64),
(114, 'Odio ut voluptatem ut eaque molestias eveniet. Itaque autem nemo nihil ut ut minima velit. Est fugiat omnis unde et dolorem sint voluptate non.', '2023-09-05 19:33:44', 7, 30),
(115, 'Eum eos expedita unde autem mollitia. Quaerat voluptatum quia quae doloremque blanditiis sequi dignissimos. Quia maxime possimus odit officia.', '2023-09-10 15:34:00', 5, 65),
(116, 'Ea omnis ipsa tenetur omnis. Sint qui a quia autem. Et in adipisci dolor nobis.', '2023-12-04 03:17:11', 4, 57),
(117, 'Ducimus omnis qui expedita illum ab commodi. Fugiat provident repellat ut asperiores. Modi illo nulla ea atque sit ducimus nostrum.', '2023-09-11 14:02:58', 3, 5),
(118, 'Consequatur omnis velit dolor voluptatibus. Qui quia iure rerum tempora. Dolorum voluptatem illum sunt ex commodi magnam.', '2023-11-28 22:17:39', 1, 81),
(119, 'Aut vel sunt vitae quo rem. Maiores harum culpa corrupti nobis iure minima qui.', '2023-11-16 01:54:37', 2, 3),
(120, 'Enim porro porro explicabo eum voluptatum dolores. Ut facilis atque dolores ut dolor.', '2024-01-19 03:10:21', 8, 53),
(121, 'Porro consequatur accusantium culpa dolores nulla tenetur. Voluptatem iusto consectetur quo ipsum ullam.', '2023-08-26 02:59:04', 1, 11),
(122, 'Voluptatem quibusdam deserunt iure ullam necessitatibus incidunt. Earum sed officiis at impedit reiciendis et.', '2024-01-06 05:29:33', 2, 34),
(123, 'Ipsam aut est eum saepe. Omnis qui qui eos eligendi.', '2023-08-20 07:18:59', 8, 36),
(124, 'Quod qui ab numquam quos dolor tempore doloribus. Aut dicta quia numquam. Tempore hic in nisi corporis inventore.', '2023-09-07 10:10:04', 4, 59),
(125, 'Eius sit adipisci voluptatibus sit eligendi ut. Aliquam neque sint repellat cupiditate sunt at.', '2023-10-28 10:59:12', 9, 55),
(126, 'Et corporis sint non sequi adipisci beatae et. Sed sint aliquam aut natus nesciunt. Non quia magnam dolores doloremque.', '2024-01-15 20:20:02', 7, 82),
(127, 'Et animi magnam incidunt ducimus eligendi soluta. Dignissimos sunt eaque cumque aut ut perferendis est.', '2023-12-24 11:24:01', 1, 99),
(128, 'Voluptas quia ad quo occaecati quos error ullam. Quis esse nihil commodi.', '2024-01-14 14:16:33', 5, 34),
(129, 'Qui ut amet eum maxime ea numquam. Sequi consectetur illo ab nulla.', '2023-12-31 03:01:05', 7, 14),
(130, 'Excepturi dolor sapiente provident ut occaecati. Perferendis ut impedit minima porro rerum quae sit optio.', '2023-10-21 13:35:36', 9, 54),
(131, 'Alias et qui laudantium reprehenderit et ad eaque. Atque qui cumque est eius nulla.', '2023-11-20 23:21:14', 4, 35),
(132, 'Esse labore iure veritatis voluptatum ut fugiat iste. Rem dolorem esse nobis.', '2023-09-30 05:54:45', 5, 42),
(133, 'Ut dolor ipsum rem architecto commodi. Et a nulla assumenda sapiente tempora.', '2023-10-30 22:25:00', 6, 35),
(134, 'Veniam voluptatibus non rem libero est. Voluptas magnam cum laudantium voluptatum aperiam blanditiis quisquam. Minima ut cupiditate qui ratione doloribus.', '2023-10-03 16:00:46', 2, 25),
(135, 'Non accusamus vel beatae occaecati. Id ratione totam nihil aperiam libero nobis omnis quis.', '2023-10-16 03:38:05', 5, 4),
(136, 'Ut aperiam numquam perferendis voluptate recusandae placeat facere. Sit sequi qui minima a voluptas voluptatem. Temporibus laborum nisi labore quas.', '2023-12-23 11:44:07', 6, 96),
(137, 'Sunt voluptatum dolorem dolorem magnam quia earum. Autem sunt consequatur rerum dolores quia voluptates.', '2023-12-02 09:43:10', 3, 83),
(138, 'Repellat adipisci qui quaerat nostrum sint vero. Placeat enim numquam non.', '2023-11-01 05:24:43', 5, 2),
(139, 'Omnis repellendus reiciendis eum. Corporis a optio sint et neque ad unde.', '2023-09-19 08:32:56', 2, 89),
(140, 'Nihil aut officiis amet dolorem. Qui dolor atque ab nisi.', '2023-08-08 16:20:17', 7, 91),
(141, 'Repudiandae et quasi aut animi molestiae qui. Odit modi aspernatur sunt non ut sit deserunt.', '2023-09-29 08:32:36', 2, 73),
(142, 'Sit molestiae ut omnis rem. Qui expedita eos asperiores enim et qui sint.', '2023-11-08 17:05:12', 8, 85),
(143, 'Et consectetur minus eius in. Qui et sit et repudiandae perspiciatis cumque sapiente.', '2023-08-03 12:45:11', 8, 24),
(144, 'Dicta sed est numquam et. Recusandae consequuntur ipsa sit id. Deleniti accusantium voluptate repudiandae mollitia qui.', '2023-08-30 01:39:37', 2, 32),
(145, 'Error consequatur labore maiores id. Et vero alias ratione.', '2023-11-14 04:16:18', 4, 51),
(146, 'Accusamus sequi aspernatur magni illo distinctio quo maxime. Eveniet distinctio blanditiis similique ut et. Et optio autem facere ea sequi et.', '2023-09-21 07:59:30', 5, 46),
(147, 'Omnis velit voluptatem voluptate quo omnis aut consectetur sit. Molestiae est veniam voluptatem quas non corporis exercitationem. Et nostrum iusto sequi vel ducimus assumenda et.', '2023-11-21 19:45:02', 10, 75),
(148, 'Qui quas consectetur excepturi quia aut et quia. Iusto ipsam doloremque magni. Corporis magni illum ut voluptate commodi atque saepe.', '2023-11-11 08:01:38', 8, 12),
(149, 'Sit totam quia ut dolor voluptatum distinctio voluptatem accusantium. Autem quasi et rerum eligendi.', '2023-11-04 13:09:26', 10, 77),
(150, 'Ipsam et possimus illo necessitatibus. Placeat quia voluptatem voluptatum mollitia.', '2023-11-26 22:00:00', 10, 24),
(151, 'Qui debitis est sunt repudiandae sapiente. Culpa hic sunt dolores illum inventore eos et. Distinctio voluptatem illo neque minima nam.', '2023-11-15 12:09:09', 4, 86),
(152, 'Consectetur voluptatem quasi et dolor. Mollitia a voluptas dolorum deleniti.', '2024-01-25 09:15:42', 10, 62),
(153, 'A veniam corrupti repellat minus voluptas totam cumque veniam. Quibusdam sequi exercitationem commodi quo velit culpa eligendi. Beatae sit aut libero consectetur velit maxime nihil.', '2024-01-03 02:04:55', 5, 16),
(154, 'Ab est quia in in tempore. Velit esse ullam sed ut blanditiis dolor aperiam nulla.', '2023-10-13 13:09:25', 3, 90),
(155, 'Expedita odit sit et adipisci aut. Et voluptate ea eos incidunt ut quia.', '2023-12-12 00:18:01', 7, 57),
(156, 'Deleniti voluptatibus quo esse impedit sunt. Fugiat sequi iure consequuntur vero et. Nulla quas quis ducimus qui eaque.', '2023-12-28 09:38:20', 1, 51),
(157, 'Amet dolore voluptatem voluptas dolor non quis quo. Enim et non dignissimos alias.', '2023-11-03 21:01:31', 5, 46),
(158, 'Unde fuga voluptates fugiat quia fugiat qui omnis. Sint autem rerum excepturi doloribus aut qui molestias.', '2024-01-29 14:34:57', 3, 66),
(159, 'Dolores aut maxime sed est blanditiis tempora qui. Minima consequatur molestiae deserunt quia rerum a. Id asperiores qui et ut.', '2023-11-01 22:48:35', 9, 77),
(160, 'Ad laboriosam fugit dolorem alias. Cum id beatae id enim aspernatur officia.', '2024-01-31 08:06:41', 3, 100),
(161, 'Quia voluptates sed consectetur. Repellendus libero qui ab repellat. Consequuntur praesentium nihil corporis unde quia.', '2023-09-30 00:33:02', 1, 21),
(162, 'A aut doloremque error laborum excepturi qui. Ut blanditiis velit nulla nostrum iure et. Fuga est laboriosam perspiciatis ducimus deserunt et beatae.', '2024-01-16 07:35:37', 9, 14),
(163, 'Quaerat facere facere tenetur ea quia animi nihil. Fugit sint ratione dolor rem et magnam nihil. Hic praesentium labore veniam eveniet odit laborum.', '2023-10-12 19:38:47', 5, 82),
(164, 'Laboriosam possimus quis aliquam. Laborum fugit molestias corrupti suscipit.', '2023-12-23 15:32:49', 8, 21),
(165, 'Omnis a magni nihil facere odio. Numquam ut consectetur ut quia aut autem voluptate. Nihil ex distinctio consequatur et voluptatem.', '2023-11-26 19:18:46', 4, 59),
(166, 'Et quisquam distinctio quas ut. Corporis eius temporibus ut ex expedita est. Quia et eum ullam ut ex et qui.', '2023-08-30 22:29:04', 9, 66),
(167, 'Sint hic impedit impedit aut reiciendis quia. Soluta quas corporis similique velit vel.', '2023-10-14 15:46:59', 3, 78),
(168, 'Voluptas at assumenda aut dolorum voluptatem dolorem. Enim ipsam ut molestias porro voluptas.', '2023-11-24 19:36:39', 2, 78),
(169, 'Qui nihil corrupti amet at. Repudiandae accusantium sed voluptatem omnis porro.', '2023-12-12 23:58:47', 8, 8),
(170, 'Ut omnis qui adipisci rerum qui ipsum est. Ut deserunt dolorem architecto nam rerum molestiae.', '2023-11-15 14:16:53', 2, 99),
(171, 'Qui magni quae aut veniam voluptas repudiandae. Quia sunt tenetur ut id error.', '2023-09-15 02:22:35', 7, 98),
(172, 'Officiis quo inventore dolores et nostrum. Vero sit enim qui molestiae soluta fuga architecto. Qui consequatur dolorem recusandae numquam eos sit nemo nihil.', '2023-10-30 17:19:07', 3, 65),
(173, 'Et quo modi vero. Incidunt suscipit optio quis sequi necessitatibus nisi.', '2023-12-14 02:54:26', 4, 5),
(174, 'Veniam mollitia et consequuntur autem. Necessitatibus nam nihil consequatur et omnis sint aut.', '2023-12-26 21:59:40', 3, 69),
(175, 'Velit dicta minus aut corporis molestias eligendi mollitia. Blanditiis quia recusandae repellendus ut et commodi aliquid perspiciatis. In neque velit eligendi.', '2024-01-01 10:29:58', 4, 76),
(176, 'Quasi perspiciatis cum et iusto. Et porro repellendus earum fugit et exercitationem.', '2023-10-14 20:38:36', 7, 99),
(177, 'Commodi voluptates tempora et ut. Aliquam voluptatem voluptatibus placeat tenetur et.', '2023-09-28 18:47:09', 2, 59),
(178, 'Nulla aut beatae est ea. Tempore officia molestias et consequatur cumque quidem ea ea. Cum deleniti et repellat et ullam iure quis qui.', '2023-10-14 19:02:12', 9, 4),
(179, 'Facilis distinctio et ducimus. Porro aut tempora cum minus ratione quibusdam. Voluptates reiciendis est nobis ducimus qui possimus.', '2023-09-17 16:21:08', 7, 94),
(180, 'Laudantium facilis explicabo perferendis. Est saepe laudantium sint quisquam nostrum. Voluptas aperiam possimus veritatis sed magni.', '2023-09-18 11:39:47', 8, 32),
(181, 'Atque ab cumque earum aliquam repellendus sint quis. Et voluptates nostrum culpa vitae dolor est. Ea aperiam rerum non illum assumenda pariatur perferendis.', '2023-12-04 00:16:41', 3, 71),
(182, 'Accusantium molestias quia tenetur voluptatem. Voluptates quibusdam amet sunt. Non quos voluptas aspernatur suscipit.', '2023-08-20 21:18:32', 2, 9),
(183, 'Explicabo ipsam quo ad consequuntur aut aperiam ut. Corporis laboriosam aut est aut nostrum dolores porro.', '2023-10-08 02:10:43', 7, 34),
(184, 'Est et voluptatem quis enim architecto velit. Et vel voluptate repellat eos sunt dolorum enim. Labore ipsum reiciendis architecto sed quasi reiciendis.', '2023-09-12 09:57:05', 4, 95),
(185, 'Dignissimos sapiente quos non assumenda vero eius deleniti. Laudantium sunt amet quaerat minus. Ea officia distinctio vitae eos nobis in.', '2023-08-27 16:54:58', 6, 36),
(186, 'Quidem hic totam voluptas rerum magni ut. Molestiae voluptas sit architecto earum deserunt pariatur. Suscipit amet eaque neque minus nesciunt ratione omnis.', '2023-11-04 00:55:52', 8, 78),
(187, 'Doloremque quam nihil voluptatem quia voluptatem. Qui explicabo quidem eum.', '2023-08-28 01:25:33', 6, 47),
(188, 'Fugiat architecto corrupti maxime vitae eveniet sint. Vel voluptatem pariatur cupiditate commodi voluptates magni.', '2023-10-30 03:41:26', 2, 49),
(189, 'Tempore impedit fugit voluptatem voluptatibus voluptas necessitatibus. Nihil ullam sint dolores non. Quia quos non temporibus qui.', '2023-08-10 22:12:38', 7, 40),
(190, 'Voluptas quo illum quo placeat quibusdam. Fugit saepe ut voluptatum sed eaque pariatur tempora.', '2023-08-22 21:35:29', 10, 39),
(191, 'Ab veritatis dolorem et doloremque exercitationem. Voluptas laborum ut ut quia. Facilis porro ut autem laboriosam sequi sequi.', '2023-09-23 15:53:55', 1, 14),
(192, 'Repellendus iste iure eum possimus. Id cum non impedit molestias alias. Consequatur odio maxime rem optio beatae.', '2024-01-02 17:10:48', 6, 60),
(193, 'Vitae facere fuga sit rerum ut similique. Id et neque quasi quia.', '2023-08-29 15:25:24', 4, 13),
(194, 'Illum reiciendis dolorum sed. At id ea sint voluptatum rerum qui.', '2023-09-22 05:48:03', 9, 36),
(195, 'Odio eius dolorem suscipit sapiente maxime. Quis omnis fugiat natus aperiam. Autem dicta minima qui nostrum consequatur et.', '2024-01-12 10:03:42', 8, 43),
(196, 'Omnis magnam error alias voluptatum et velit atque iusto. Laudantium doloribus fugit et assumenda et deleniti voluptatum. Et vero aut quia pariatur.', '2023-09-17 12:30:02', 6, 37),
(197, 'Sequi minima et et voluptatem dolor. Et dolorum omnis et accusamus explicabo pariatur laborum. Beatae dolorum quod in quam.', '2024-01-20 22:16:53', 7, 22),
(198, 'Consequatur et beatae rerum corrupti voluptatem. Quae at saepe error id delectus exercitationem sed. Vel veritatis laborum necessitatibus dignissimos laboriosam.', '2023-12-28 16:29:41', 3, 55),
(199, 'Harum inventore ratione excepturi quos incidunt qui saepe dolorem. Itaque vel maxime ipsam.', '2023-09-24 12:54:14', 3, 15),
(200, 'A ut eligendi voluptas aperiam corporis nam facilis repellendus. Vitae doloremque dolores explicabo suscipit. Aliquam non ut ipsa qui hic et.', '2023-12-12 15:10:06', 7, 59),
(201, 'Quo commodi dolorem sint et ex porro. Consequatur ut culpa consequatur expedita nostrum.', '2023-11-28 00:19:48', 2, 88),
(202, 'Aspernatur architecto ad et neque quia dolores. Dolor rerum architecto magnam reiciendis dolorem quibusdam.', '2023-10-13 10:17:15', 1, 96),
(203, 'Beatae quia sed eum molestias nihil. Ad porro voluptatem consequatur deleniti. Praesentium quasi corporis est tempore.', '2024-01-10 23:35:16', 1, 56),
(204, 'Et nobis molestias in vel qui quam unde. Voluptatem velit voluptate sit numquam aut nesciunt.', '2023-11-06 03:09:01', 9, 65),
(205, 'Ut illo qui aut ea reprehenderit id sed. Veniam dolor laboriosam in facere ipsum maxime.', '2023-12-30 16:53:28', 8, 3),
(206, 'Nesciunt repudiandae rerum et sint illum. Consequatur reiciendis omnis rem qui voluptatibus et. Veniam et nesciunt exercitationem deleniti reiciendis culpa et.', '2023-10-03 07:52:18', 4, 31),
(207, 'Voluptatibus recusandae nesciunt itaque. Unde dolor alias et tenetur aut.', '2023-10-11 10:36:53', 5, 50),
(208, 'Placeat animi amet ea minima. Quia aut quo est delectus.', '2023-11-05 07:04:04', 6, 50),
(209, 'Voluptates veniam voluptates et numquam quae autem autem nihil. Aperiam et dignissimos fugiat officia numquam. Quia dolore temporibus excepturi.', '2023-11-14 12:09:04', 9, 31),
(210, 'Est ea consequatur quas sunt odit voluptate. Et fugiat accusamus asperiores quos.', '2023-10-22 13:36:39', 8, 20),
(211, 'Nesciunt totam est vitae expedita est. Et doloremque officia ex aperiam velit.', '2023-12-24 18:28:54', 1, 10),
(212, 'Sunt repellat omnis doloremque dicta facilis. Recusandae et placeat exercitationem quidem.', '2023-09-02 13:43:09', 1, 57),
(213, 'Similique ab neque veritatis exercitationem velit qui. Odio a eum molestias adipisci et dolorem. Qui atque sunt officiis perspiciatis.', '2023-10-13 23:51:07', 9, 78),
(214, 'Ut cum et veniam ut. Officia dolores est laborum. Veritatis tenetur aut aut occaecati fugit.', '2023-10-26 18:41:36', 3, 97),
(215, 'Laudantium sint aut laborum cum quibusdam quis. Quod voluptate quo voluptates eveniet deleniti perspiciatis eligendi. Quia temporibus ut labore.', '2023-11-01 03:41:41', 4, 54),
(216, 'Eum vitae eos soluta sunt qui. Ad consequuntur deserunt enim veritatis inventore vel ratione. Assumenda labore corporis illo at debitis cupiditate velit.', '2023-11-01 12:00:35', 4, 74),
(217, 'Voluptatem tenetur qui ea nesciunt eum excepturi natus. Et aliquid autem exercitationem maxime deserunt consequuntur.', '2023-09-29 02:52:09', 5, 41),
(218, 'Quia vitae vero et quae accusantium. Ut qui nihil occaecati harum quasi accusantium mollitia.', '2023-12-01 09:32:23', 4, 42),
(219, 'Quasi ut voluptas earum. Blanditiis dicta maxime qui et eum.', '2023-10-26 17:39:17', 4, 13),
(220, 'Aut vel culpa velit et quas quos. Voluptatem voluptates quae voluptatum maiores eveniet maiores voluptas.', '2023-10-12 04:36:29', 5, 36),
(221, 'Nihil cupiditate nisi perferendis est illum est. Ut aut nostrum nemo ad. Rerum et qui accusamus.', '2023-11-11 02:07:39', 6, 14),
(222, 'Doloribus consequatur ut illum reprehenderit quisquam. Error cupiditate ea odio. Distinctio blanditiis nemo est minima mollitia.', '2023-08-30 17:44:03', 1, 75),
(223, 'Distinctio delectus deserunt doloribus tenetur molestiae consequatur aut fugiat. Facere consequatur odit qui ut quos eligendi nobis.', '2023-12-22 06:58:42', 7, 84),
(224, 'Sint eum sit perspiciatis. Quia officiis aliquid totam autem.', '2023-11-21 20:28:00', 10, 36),
(225, 'Quasi voluptatem iure sunt veniam consectetur adipisci. Qui repellat cumque autem sit. Ut inventore doloremque rerum.', '2023-12-17 14:25:11', 6, 91),
(226, 'Vel ab quasi explicabo est praesentium amet. Quo omnis voluptatem tempora non sint.', '2023-11-06 14:45:56', 4, 58),
(227, 'Voluptate quisquam porro aliquid quod ut natus et. Ratione delectus voluptates reprehenderit et. Atque et ab et voluptatum voluptate.', '2023-10-14 17:07:10', 1, 12),
(228, 'Commodi odit ex qui minus veniam deleniti. Animi doloremque animi et doloribus ducimus quia ipsum.', '2023-12-16 10:59:44', 5, 81),
(229, 'Consectetur nihil in magni corporis. Consequatur impedit consequatur laudantium soluta quibusdam ipsum explicabo.', '2023-10-29 07:39:35', 7, 4),
(230, 'Quam id sunt porro id numquam a. Rerum dolor at ducimus quis id esse iure. Voluptas id fugit corrupti harum aperiam.', '2023-08-08 10:36:58', 4, 84),
(231, 'Et dolorum optio quia quia et laborum. Dolor veritatis nulla nisi nemo quis accusantium velit.', '2023-11-20 00:00:20', 9, 99),
(232, 'Aliquam iste nisi non consequatur. Sed omnis tempore aut repellat excepturi molestias error facere. Doloribus error enim facilis est.', '2023-12-11 17:47:06', 5, 94),
(233, 'Deserunt cum quidem adipisci doloremque tenetur dolores quam aut. Impedit voluptas consequatur sit ullam itaque sunt unde. Veniam qui sint sed tempore autem voluptate alias.', '2023-11-11 20:14:35', 8, 87),
(234, 'Quia est et aut doloribus cupiditate inventore explicabo. Qui illum ipsam consequatur. Veniam beatae est impedit ullam.', '2023-11-07 15:12:42', 4, 24),
(235, 'Ut et ad corporis voluptas non rem saepe. Quisquam ea et quia.', '2023-08-02 02:33:13', 10, 87),
(236, 'Et aut voluptatum et soluta et. Esse voluptas illum repellendus quo voluptatem facere assumenda sint. In enim odit quasi ullam recusandae nesciunt.', '2023-10-01 05:54:05', 8, 43),
(237, 'Asperiores non debitis similique reprehenderit soluta voluptatum maiores. Necessitatibus nostrum unde ad quis a. Perferendis praesentium eligendi enim quia.', '2024-01-28 03:14:03', 2, 50),
(238, 'Molestiae ut veritatis nam voluptatum quasi quasi rem nesciunt. Facilis nemo nam dolor quisquam repudiandae nemo corporis.', '2023-10-12 20:15:32', 2, 53),
(239, 'Aut consequatur iusto laudantium. Et voluptates fugiat doloremque in. Quis sint et omnis earum qui.', '2023-09-29 02:38:29', 8, 99),
(240, 'Aut enim sint beatae nihil enim. Quis excepturi sed laborum nemo soluta corporis commodi.', '2023-12-08 22:25:33', 9, 69),
(241, 'Quis asperiores quod hic consequuntur nemo atque. Enim vero sapiente optio voluptatem voluptatem.', '2023-12-28 02:32:43', 6, 10),
(242, 'Laboriosam recusandae laborum dolores est adipisci minima. Iste itaque quod et voluptas pariatur est est.', '2023-10-20 10:24:58', 5, 34),
(243, 'Odit hic modi rem. Iure provident laudantium quis qui magni expedita.', '2023-09-08 21:56:17', 1, 85),
(244, 'Dolor enim accusantium aut explicabo ex alias dignissimos. Aut impedit sapiente provident est voluptatem sed.', '2023-10-07 16:21:15', 8, 4),
(245, 'Iste voluptatem architecto ea quia quae. Voluptatum porro rerum adipisci reiciendis adipisci. Inventore omnis officia quae amet aut ipsum quis reiciendis.', '2023-09-16 22:34:10', 5, 49),
(246, 'Ab aut sapiente enim sapiente eius provident perferendis. Numquam veritatis magnam consequatur qui blanditiis voluptas. Ipsam natus temporibus ut cupiditate quae.', '2024-01-04 01:07:50', 10, 37),
(247, 'Nostrum soluta voluptate accusamus maxime quae quis. Illum numquam blanditiis soluta qui repellendus. Nobis dolore optio provident quia est ut.', '2023-09-09 00:01:22', 5, 100),
(248, 'Veniam odio dignissimos et non. Molestiae velit ut repellat quo dolores.', '2023-10-29 03:26:17', 1, 11),
(249, 'Modi et magnam est odit necessitatibus. Et deserunt quis iste et eius est aut.', '2023-11-02 06:59:48', 5, 39),
(250, 'In ipsam id sapiente eum ut vel consectetur. Sunt velit corporis perferendis nam perspiciatis facilis reprehenderit.', '2023-09-02 17:35:10', 6, 53),
(251, 'Voluptates aperiam fuga eveniet earum dolorem aut. Eum facilis molestiae impedit fugit nihil corporis. Enim nam animi sit non.', '2023-09-14 02:26:16', 7, 82),
(252, 'Vero cumque vel ipsa modi ipsa quos exercitationem. Corrupti minus sed omnis corporis sunt perferendis qui.', '2023-09-03 04:21:24', 6, 81),
(253, 'Minus corrupti distinctio aliquid qui totam. Voluptas sit in eveniet quo nemo.', '2024-01-18 13:15:49', 8, 94),
(254, 'Laboriosam qui eius quo consequuntur voluptas. Quo aut et laborum necessitatibus ab.', '2023-09-06 19:55:40', 10, 7),
(255, 'Laborum corrupti maxime consectetur veniam. Mollitia doloribus sunt sint nam consequatur consectetur dolorum.', '2023-12-30 09:44:01', 9, 51),
(256, 'Nihil ea ut iure et placeat provident. Distinctio molestias sint qui eius perferendis amet. Libero qui qui maiores cumque.', '2023-09-09 11:02:08', 8, 21),
(257, 'Aliquid qui qui inventore quia aut. Et repellat dicta labore dolorem praesentium. Omnis nesciunt id aliquam alias.', '2023-09-05 20:35:01', 4, 94),
(258, 'Voluptatem rerum dolore ratione voluptates. Aut sint dolor ex esse. Quas recusandae voluptatem corrupti.', '2023-11-06 10:57:41', 3, 30),
(259, 'Aperiam perspiciatis culpa quo et animi ullam qui. Suscipit consequatur iste nesciunt qui et tenetur et. Beatae tempora consequatur beatae cum qui.', '2024-01-19 00:12:35', 1, 74),
(260, 'Rerum id excepturi earum sint. Inventore et dolore perferendis cumque sapiente. Dignissimos omnis qui sed cupiditate.', '2023-11-17 21:00:34', 8, 6),
(261, 'Blanditiis et debitis in. Est doloribus dignissimos quam fugiat alias.', '2023-12-09 15:58:13', 8, 39),
(262, 'Saepe qui consequatur est aspernatur vel. Culpa ullam nemo libero pariatur ut.', '2023-11-20 11:41:22', 9, 48),
(263, 'Illum non vitae mollitia quos vitae sed in. Corporis consequuntur qui illo sunt quas. Eligendi quis nobis autem.', '2023-12-03 22:09:36', 3, 83),
(264, 'Enim ut voluptatem assumenda qui facere aperiam quos. Repellendus incidunt aspernatur suscipit sit. Voluptas et sequi est culpa beatae.', '2023-08-11 01:19:13', 5, 30),
(265, 'Culpa qui error velit voluptas aliquam adipisci aliquam. Quod sed et tempora aut asperiores fugiat.', '2023-09-30 23:25:48', 1, 59),
(266, 'Cum velit ex voluptates quibusdam tenetur rerum qui. Non facilis laboriosam dolores vitae sit nisi tempora.', '2023-09-21 22:02:05', 3, 61),
(267, 'Excepturi ex reiciendis nam distinctio cupiditate minus sed. Et rerum velit esse enim nesciunt ad.', '2023-09-01 10:43:48', 9, 69),
(268, 'Iusto deserunt ea maxime et quisquam debitis. Tempora ratione vitae aliquid perspiciatis et numquam ut.', '2023-12-28 13:34:06', 2, 40),
(269, 'Expedita exercitationem nostrum tempore omnis autem et minima asperiores. Accusamus labore doloremque facere iure.', '2023-09-11 01:50:18', 2, 81),
(270, 'Accusamus expedita alias voluptatem quod et autem ipsum. Quia dolor quia consequatur quibusdam. Deleniti est nihil aut ipsum laudantium et sint.', '2023-09-20 18:01:59', 7, 78),
(271, 'Vero necessitatibus quam omnis nesciunt odit debitis aut. Ex id harum porro temporibus illo est enim. Dicta excepturi debitis est hic.', '2023-11-23 22:44:56', 9, 96),
(272, 'Nihil nihil fugit ut. Consequatur deserunt voluptas corrupti et laboriosam aut et.', '2023-10-15 09:18:50', 2, 99),
(273, 'Optio et similique est quia earum. Nam quas cum tempore doloribus dolor dolorem. Placeat ab perspiciatis cum vitae.', '2023-11-03 02:18:01', 3, 55),
(274, 'Et aut rerum voluptatibus saepe deleniti quis qui aut. Aut delectus nihil voluptas sit.', '2023-11-23 19:45:02', 1, 85),
(275, 'Culpa quo maxime qui doloremque. Et harum quod dolorum mollitia quo provident.', '2023-10-04 14:58:56', 9, 33),
(276, 'Quasi labore molestiae voluptates voluptatem veritatis iusto dolorum. Est quas voluptatem vero hic rem possimus sit. Repellat quod excepturi autem dolores molestiae.', '2023-11-03 07:57:31', 2, 45),
(277, 'Recusandae voluptatum quisquam voluptas odio soluta. Sapiente repellat corrupti fuga quia dolorum.', '2023-08-24 15:04:33', 6, 46),
(278, 'Ipsam repellendus rerum sed sapiente. Ut ea eaque eum laborum eum iure magni odio. Reiciendis tempore ut ut labore vero amet.', '2023-10-06 04:49:33', 3, 94),
(279, 'Vero ut eaque exercitationem qui vero. Molestiae sapiente consequatur voluptas voluptate iste sint libero ipsam.', '2023-08-02 09:20:17', 3, 27),
(280, 'Totam voluptatem blanditiis sunt. Inventore excepturi ea nesciunt dolorem delectus tempore. Non cupiditate deleniti itaque nihil.', '2023-10-01 22:53:30', 1, 91),
(281, 'Et pariatur sed nobis nisi impedit reprehenderit sit. Et amet sapiente vel alias incidunt in. Dolore deleniti expedita esse animi id vel quia.', '2023-12-02 04:01:17', 6, 97),
(282, 'Laborum voluptas et delectus ut. Non sequi eaque ut aperiam. Nihil fugit fuga adipisci hic eius dolorum veritatis.', '2023-11-06 20:29:56', 8, 93),
(283, 'Exercitationem autem quos rerum corrupti accusamus incidunt sed. Necessitatibus laboriosam voluptatem rerum assumenda quae iusto.', '2023-12-16 15:55:24', 6, 23),
(284, 'azezaeza', '2024-02-02 13:26:34', 23, 1),
(285, 'eaeaeaeae', '2024-02-02 13:27:01', 23, 1),
(286, 'ezzezezzezeze', '2024-02-02 13:27:29', 23, 1),
(287, 'jhbfgjhfdbghfbgf\r\n', '2024-02-02 13:32:59', 23, 6),
(288, 'zaezaeazeaz', '2024-02-02 16:04:54', 23, 51);

-- --------------------------------------------------------

--
-- Structure de la table `post`
--

CREATE TABLE `post` (
  `id` int(11) NOT NULL,
  `title` varchar(255) NOT NULL,
  `content` text NOT NULL,
  `created_at` datetime NOT NULL,
  `updated_at` datetime DEFAULT NULL,
  `user_id` int(11) NOT NULL,
  `category_id` int(11) DEFAULT NULL
) ENGINE=InnoDB DEFAULT CHARSET=utf8mb4 COLLATE=utf8mb4_general_ci;

--
-- Déchargement des données de la table `post`
--

INSERT INTO `post` (`id`, `title`, `content`, `created_at`, `updated_at`, `user_id`, `category_id`) VALUES
(1, 'Et et tenetur assumenda fugit et recusandae voluptate.', 'Voluptas hic dolorem quae iure sit. ', '2024-01-31 13:45:00', '2024-02-04 17:52:17', 4, 13),
(2, 'Qui dolores deleniti a hic.', 'Enim iusto accusamus sed magni laborum voluptatem voluptatem. Distinctio commodi ea ullam molestiae mollitia est. Voluptate eum molestias quia beatae voluptatem vero beatae. Atque ad consequuntur dolores eos vitae beatae odio aut. Qui perferendis et quas autem totam aliquid officiis animi. Est perspiciatis iste accusamus est qui. Cumque aliquam cupiditate nihil et exercitationem eius deserunt. Fuga inventore ut adipisci laboriosam asperiores officia ut. Amet suscipit repellendus pariatur fugit. Sit eum dolor at excepturi molestiae sunt temporibus.', '2024-01-31 13:45:00', NULL, 7, 7),
(3, 'Nihil dicta at est consequuntur voluptatum recusandae.', 'Est eligendi dolores consequuntur tempore. Quae excepturi distinctio pariatur. Qui voluptas eum nulla debitis accusamus ullam ratione dolore. Impedit et similique repellat. Quia rem dolores earum libero odio. Deleniti dolor hic qui consequatur magnam quia. Asperiores cupiditate est in a et. Ut esse consequatur numquam ipsum aut. Ut soluta id dolorum id. Consequatur reprehenderit velit ea. Rerum ducimus repellendus iusto voluptatem pariatur voluptatibus. Autem et assumenda voluptas qui assumenda delectus nihil eius. Est ut omnis quia doloribus. Et vel laudantium quia.', '2024-01-31 13:45:00', NULL, 9, 16),
(4, 'Porro perspiciatis iste architecto earum officia sed nihil aut.', 'Aut cupiditate quo ad illo nemo. Ea laboriosam laboriosam ipsam qui. Iste a molestiae omnis aspernatur voluptatem repellendus est. Omnis voluptas animi qui sint. Ab doloribus libero repellendus cum repellendus id. Qui quibusdam ut nulla rerum perferendis accusamus. Sunt explicabo velit quos et dicta ipsum. Eaque reprehenderit quis ipsam temporibus quis sit et. Sint perferendis in temporibus sit eos magnam similique. Amet necessitatibus omnis provident quae. Necessitatibus maxime est incidunt quos ipsum. Saepe autem sit aliquid recusandae minus repellendus temporibus. Vitae est natus corrupti repellendus.', '2024-01-31 13:45:00', NULL, 10, 19),
(5, 'Labore eos sequi veritatis error.', 'Quidem quia odit fuga ut voluptatem quia et fuga. Ea harum expedita quisquam ut qui quidem. Aut dolores quas quod veniam culpa sunt. Iste et itaque nobis fugiat odio possimus recusandae. Fugiat nostrum ut assumenda vero eligendi. Id perferendis atque aperiam quam animi possimus. Harum perspiciatis voluptatem assumenda est quibusdam sed. Natus delectus et consequatur dignissimos ut et commodi.', '2024-01-31 13:45:00', NULL, 4, 1),
(6, 'Velit velit quae velit ipsa ipsam doloremque.', 'Est veritatis magni unde consequatur vero eius magni omnis. Quis mollitia iure nihil nihil. Non est eligendi eum voluptatem id voluptatibus. Totam eum asperiores enim enim totam tenetur fugiat. Temporibus odio harum ex pariatur at. Debitis ut aut et. Qui quisquam nulla sit aspernatur harum. Modi molestias voluptates quos recusandae dolorum amet deleniti in. Aut cupiditate ut voluptates voluptatem reiciendis asperiores consequuntur.', '2024-01-31 13:45:00', NULL, 1, 5),
(7, 'Repellat beatae ex mollitia unde qui.', 'Quia consequuntur laudantium quos. Ut quia fugiat in ratione numquam. Aliquid possimus magnam distinctio et et adipisci ducimus eos. Repellendus odit amet quae consequuntur perspiciatis consequatur ipsa. Aspernatur officia qui consequatur asperiores qui repellat dolores. Repellat tempore ratione tenetur et aliquid. Libero ipsum est aut quibusdam incidunt excepturi. Recusandae qui voluptatum adipisci odit tempora qui voluptatibus doloremque. Minus tempore et neque sunt. Doloribus aspernatur quis aut qui expedita dolorem corporis.', '2024-01-31 13:45:00', NULL, 8, 12),
(8, 'Reiciendis suscipit eos eius voluptas natus autem error.', 'Architecto rerum id id eos maxime. Neque nobis labore saepe. Mollitia iure ratione sint deserunt. Nihil ducimus nihil recusandae fugiat esse. Tenetur consequatur quo ab sapiente. Totam non id labore aut porro et voluptas. Quo et molestias cumque et debitis tempore quisquam molestiae. Ut et qui incidunt occaecati. Nam aspernatur magnam ut. Et aliquam itaque quibusdam qui. Maxime ex neque quod mollitia ipsam.', '2024-01-31 13:45:00', NULL, 9, 10),
(9, 'Rerum ab ducimus doloribus maiores et.', 'Tempora dignissimos corporis ad et iure. Et temporibus sed quis. Optio fugiat nihil impedit modi. Alias ut maxime voluptatum reprehenderit qui. Unde eaque quod rerum nulla. Inventore assumenda ab quia atque culpa. Quisquam quo et alias. Dolores dicta neque laboriosam facere aliquid. Sint aut animi dolore possimus deserunt nihil est. Illum totam nulla error quidem expedita aliquid. Placeat qui id nostrum molestiae rerum corporis.', '2024-01-31 13:45:00', NULL, 6, 6),
(10, 'Modi et quae quis ut.', 'Quibusdam possimus nulla eius nihil doloremque temporibus illum. Sunt sunt nemo tempore error velit ut officia. Consectetur dolore explicabo harum deserunt repudiandae. Quaerat reiciendis id sequi facilis. Saepe optio nemo suscipit similique perspiciatis qui et fugiat. Occaecati sequi corporis omnis quod sunt itaque harum. Rerum reiciendis quia aut at rem qui sit. Quasi nulla saepe aut totam corrupti. Ex consectetur exercitationem voluptas laboriosam eius quibusdam sed. Similique aut facere itaque voluptatem. Nihil odit sed earum ex esse perspiciatis. Veritatis quisquam deleniti cumque ducimus incidunt. Quos ab rem dolor similique facere ullam quibusdam iure.', '2024-01-31 13:45:00', NULL, 6, 18),
(11, 'Quod et eaque quibusdam.', 'Omnis minima veniam esse aut ut aut. Pariatur id vel debitis. Dolorem amet similique dolor nam ut nihil. Aspernatur nobis quia voluptates odit illum aut doloremque. Corrupti consequuntur sit quibusdam. Consequatur repellat dolor possimus animi incidunt. Vero temporibus vitae voluptatem placeat sed et.', '2024-01-31 13:45:00', NULL, 1, 11),
(12, 'Ducimus dolorum nesciunt et fugiat.', 'Deleniti iste vitae sed doloribus delectus. Quia eos et odit fugiat. Quam ea ut ut porro et et sit earum. Cupiditate totam fuga magnam. Ea itaque laborum quo sit. Explicabo dolor temporibus beatae et quis optio hic. Neque veritatis porro architecto molestias porro consequatur qui voluptatem. Praesentium odio commodi et quasi occaecati vel ad suscipit. Voluptas labore suscipit ducimus perferendis voluptatem numquam dolorum. In excepturi harum doloremque amet et. Consequatur tenetur ut iste illo asperiores at consequatur. Voluptas consectetur assumenda qui soluta porro consectetur. Quos beatae quis reprehenderit amet iure rerum. Explicabo nisi impedit iure voluptatem.', '2024-01-31 13:45:00', NULL, 3, 4),
(13, 'Ducimus rem culpa rerum.', 'Reprehenderit deserunt et id ad sunt esse consequatur aperiam. Fuga labore sit eos. Reprehenderit quia laborum quos placeat. Et enim error aut libero quo alias cumque labore. Et minus eius voluptatum repudiandae consequatur dolorem. Sint est beatae quia quibusdam officiis odit molestias. Ea aut non consequatur vel laudantium. Inventore animi doloribus illum perferendis. Sed omnis rerum qui ab quos vero. Corrupti eaque id harum possimus voluptatibus officiis. Minima ut aut nesciunt minima qui unde vel.', '2024-01-31 13:45:00', NULL, 3, 9),
(14, 'Qui eligendi et sapiente praesentium deleniti.', 'Debitis ut sunt tempore recusandae eum assumenda sunt asperiores. Corrupti praesentium perferendis nostrum inventore reprehenderit corporis officiis in. Debitis rerum iusto ullam. Quia culpa qui dolores officia saepe reiciendis reprehenderit. Distinctio aut officiis inventore ut illum quia. Praesentium culpa est voluptatem sunt dicta pariatur velit. Commodi in velit aliquam corporis aliquid. Alias iure cupiditate commodi sapiente incidunt dolor id. Id dolor veniam esse non voluptatem quidem.', '2024-01-31 13:45:00', NULL, 3, 14),
(15, 'Dignissimos libero at tempora quis reprehenderit.', 'Unde optio qui aut suscipit. Veniam sed commodi rerum harum dolore. Hic nihil unde sed tempore. Ab beatae ex minima dolorem eius atque porro. Aspernatur eligendi vel quidem cum quia. Consequatur ipsum in commodi assumenda eveniet quo. Enim velit rerum rerum facilis debitis quibusdam molestiae. Illum autem molestias magni eveniet. Modi cum aspernatur et quae odio maxime vel sed.', '2024-01-31 13:45:00', NULL, 2, 7),
(16, 'Dolor ex illum dolores commodi iusto excepturi.', 'Minus voluptas dolorem laudantium eaque voluptas. Minima sunt cupiditate perspiciatis recusandae. Ipsa quisquam dolor ut maiores ut accusantium sed. Officia mollitia est culpa rerum ut temporibus. Recusandae pariatur quia rerum aperiam. Repudiandae consequatur doloremque adipisci aut provident. Laboriosam qui exercitationem atque. Eos repudiandae aliquid deleniti voluptatem provident et voluptatem. Non illo sequi temporibus omnis et vitae aliquid. Harum neque aspernatur atque et nulla aliquid sed sit. Accusamus illum mollitia aspernatur quod dolorem sunt eum.', '2024-01-31 13:45:00', NULL, 6, 15),
(17, 'Vel maxime et voluptatem repudiandae odit et nesciunt.', 'Est quo deleniti voluptas. Nesciunt repellat in et pariatur. Autem sed dicta et id sed quia sit error. Non magnam ut veritatis iusto a. Aliquam dolores expedita aspernatur inventore voluptatem. Culpa minus sequi atque animi. Minus quis rerum itaque ratione saepe.', '2024-01-31 13:45:00', NULL, 9, 3),
(18, 'Qui nihil est porro porro in et nostrum.', 'Quisquam atque laboriosam officia dolor adipisci iusto quis. Facere qui laboriosam molestiae neque libero. Repellendus quis dolore error blanditiis repellendus sequi unde neque. Consequuntur esse ut fugit molestiae et recusandae sapiente blanditiis. Nihil dolores in aut commodi laborum quia. Atque qui quis sit facilis ipsum officiis alias. Repudiandae necessitatibus sed aut voluptatem dolorem.', '2024-01-31 13:45:00', NULL, 5, 19),
(19, 'Excepturi qui aut amet sint.', 'Perferendis sunt voluptatem repellendus ducimus est officia. Sed molestiae corrupti voluptate omnis totam. Temporibus cum et qui dolores commodi qui qui. Ut commodi natus a atque qui similique. Soluta quod odit provident suscipit quia nemo amet. Voluptas voluptatem ipsa a similique reiciendis asperiores unde rem. Quos dolor in deleniti magni ut cumque est aut.', '2024-01-31 13:45:00', NULL, 8, 7),
(20, 'Et consequatur omnis maxime ut quis quibusdam.', 'Voluptas quas sunt quis ad ratione consequatur beatae. Beatae expedita est sit aut sed quia. Veniam atque saepe voluptas sint quas odio cumque. Soluta fugiat assumenda dicta ut. Nostrum ducimus eum non. Dignissimos tempore id voluptatem quo. Aut numquam totam delectus sit unde. Commodi sunt sint enim id autem. Ut doloremque accusamus numquam repellat eum ut laborum. Consequatur nisi unde est qui.', '2024-01-31 13:45:00', NULL, 3, 12),
(21, 'Ut rem rerum modi quia.', 'Cupiditate qui illum aspernatur ab. Ratione provident qui aut modi soluta non debitis qui. Architecto non expedita molestiae tenetur cum beatae vel. Est expedita ipsam non repellendus corrupti vel. Suscipit vero occaecati magni. Velit qui corrupti voluptatem vel. Impedit odit aut minima aliquid dolor iusto aut. Aut eligendi dolores non. Autem autem dolores voluptatibus quo tempora aspernatur.', '2024-01-31 13:45:00', NULL, 2, 7),
(22, 'Qui nostrum amet in et recusandae rerum et incidunt.', 'Fugit assumenda debitis rerum tenetur occaecati dolores ipsa. Optio officia id excepturi cupiditate voluptates nulla iure. Sed distinctio quam esse recusandae quidem vel. Qui in quo pariatur libero. Magnam velit iusto esse non iste quis. Magnam ullam minus a harum repudiandae eum non. Voluptatem autem quaerat eos reiciendis consequatur iusto. Dolores quam culpa fuga odio ad reiciendis dolorem. Occaecati et sit quia sequi ab aut.', '2024-01-31 13:45:00', NULL, 4, 13),
(23, 'Delectus aut est consequuntur sit reprehenderit.', 'Cum aut ut pariatur deleniti laborum a. Expedita qui vel ipsa autem id autem. Ipsam vitae ipsum ab ratione qui illum. Id quia deleniti distinctio eos aut assumenda sit. Occaecati commodi quia consectetur ducimus. Est est in consequuntur et rerum suscipit in. Sunt a ab optio ipsam error molestiae beatae ex. Hic rem ea similique quod qui molestiae nam. Eaque dolorem qui omnis maxime aut quibusdam. Cumque quia aliquid porro error voluptate aut non. Voluptates recusandae ut fuga nostrum. Tempore unde molestiae quia voluptatum ut porro.', '2024-01-31 13:45:00', NULL, 3, 14),
(24, 'Ad reiciendis et aliquam neque inventore et provident.', 'Et esse alias unde voluptas. Aperiam et reiciendis ducimus mollitia error. Minima illo nesciunt est enim rem veniam et. Blanditiis doloribus dolorum excepturi optio alias temporibus. Atque sit necessitatibus provident veniam. Officia nihil itaque dolore hic id et velit. Aut quia explicabo velit beatae eveniet omnis. Earum voluptas est quo sit fuga modi.', '2024-01-31 13:45:00', NULL, 8, 19),
(25, 'Odit nemo tempora voluptas ducimus corporis error voluptate.', 'Incidunt ad libero quia perspiciatis. Aut vitae harum repellat tempora. Molestiae neque dolore optio officiis in. Illo voluptas velit quidem consequuntur ut vel alias. Vero consequuntur numquam vitae adipisci aut quidem. Vel asperiores qui minus praesentium consequatur. Ex ipsa qui ut velit. Eius doloremque vitae est autem doloremque illum.', '2024-01-31 13:45:00', NULL, 5, 20),
(26, 'Fugit quaerat ducimus et debitis harum.', 'Temporibus rerum numquam debitis ducimus veritatis rerum. Nulla ad voluptatem aliquam aut sint. Expedita voluptas sed placeat minima corporis magni. Molestiae ex aspernatur consequatur tenetur repellendus. Debitis magnam totam possimus doloremque illum nihil sit quae. Id ut eos qui culpa cum ut nihil. Commodi dolor rerum et est dolores. Ut molestias veritatis sunt nobis vitae.', '2024-01-31 13:45:00', NULL, 5, 18),
(27, 'Explicabo et placeat nisi sunt perspiciatis iure qui.', 'Qui id et ex facere est repellat. Commodi esse nostrum ullam provident expedita reiciendis inventore. Aut cupiditate temporibus magni id facilis voluptas. Sunt minima rerum autem ipsa numquam. Culpa voluptatem veritatis fugiat nostrum mollitia et ipsam. Libero eum quam neque cum sunt. Aperiam id sit facere aut. Quibusdam sed ut aut reprehenderit voluptates. Mollitia veritatis ut et doloribus est. Et repudiandae eius aut eos doloribus id. Pariatur consequatur aperiam earum ratione sit rerum vel sint. Optio magnam consequatur sit quod occaecati inventore dolorem. Ex ea voluptates sed et dignissimos. Ratione asperiores cum voluptatem illum in commodi.', '2024-01-31 13:45:00', NULL, 9, 6),
(28, 'Reprehenderit enim omnis reprehenderit laborum aspernatur.', 'Dolores dolorem cum blanditiis repellendus vel. In eius et illo ea cum eveniet. Exercitationem eos sapiente voluptate quidem esse sequi magnam. Inventore earum placeat neque ad voluptatem porro dolorem. Cumque est est blanditiis et. Tenetur excepturi est voluptas quo. At ut occaecati ad qui soluta delectus velit. Qui odio inventore quidem cum. Voluptas est ipsa sit sit minima optio sunt. Quod esse facilis non autem itaque itaque et. Impedit occaecati aut est laborum ut. Doloremque incidunt velit quas velit beatae aut id. Sunt omnis repellendus hic est in illum rerum. Ipsam molestiae illo omnis aut quia accusamus dolore.', '2024-01-31 13:45:00', NULL, 4, 10),
(29, 'Aut quam consectetur eligendi doloremque.', 'Reiciendis voluptatem provident id est esse commodi quia. Fuga excepturi aperiam qui voluptatem eos consequatur. Odit quia sit rem consequuntur. Qui molestiae deleniti alias. Ipsa et sed maiores optio ipsam itaque. Eos nesciunt earum neque nobis velit aut consequatur. Sit voluptas tempora ut accusantium accusamus nihil placeat. Asperiores facilis dignissimos magnam explicabo pariatur illo. Atque earum commodi quas sint consequatur sint. Optio excepturi vel dolorem et nobis eum voluptatem. Eligendi ducimus consequuntur voluptates qui. Fugiat iste et animi et magni.', '2024-01-31 13:45:00', NULL, 4, 14),
(30, 'Aspernatur sint possimus quia in dolorem fugiat dolore.', 'Enim suscipit molestias ipsum. Adipisci consectetur aliquam culpa commodi nesciunt expedita non. Modi porro totam vitae id autem ab. Est numquam rem facere et architecto. Est quos rerum veritatis facere voluptatem. Possimus exercitationem quibusdam libero consectetur voluptatum sunt qui. Totam aut ducimus qui numquam ut qui. Officia voluptatem non mollitia aliquam delectus esse expedita.', '2024-01-31 13:45:00', NULL, 8, 7),
(31, 'Iure eum ex harum.', 'Quibusdam non consectetur dignissimos quidem necessitatibus. Sunt praesentium qui aut. Excepturi non autem est qui repellat perspiciatis. Ea et dolorum eaque eum laborum occaecati. Ipsa sed necessitatibus laborum nulla voluptas provident. Laborum aut illum vel pariatur cum ducimus dolores. Eius consequuntur molestiae rerum molestiae consectetur ut quaerat. At est non vero nemo non in. Voluptas voluptatem tempore dolores quisquam qui tenetur facere. Sapiente voluptate eum eum amet qui voluptatem exercitationem earum. Voluptatem molestiae consequatur expedita aut vitae non. Non similique saepe officiis sit sunt enim.', '2024-01-31 13:45:00', NULL, 8, 1),
(32, 'Numquam animi dolores natus in.', 'Vero laboriosam repellendus voluptas ad quam et laboriosam. Dolorum officia distinctio sunt qui minima. Itaque hic dolores provident enim enim laboriosam. Officia est voluptas amet sit sit deleniti. Non possimus explicabo reprehenderit vel. Natus error odio ducimus deleniti qui in provident. Laudantium cum et omnis minus quisquam nostrum deleniti odio. Deserunt vero perferendis tempore dolorem tempore. Similique in id qui consequuntur cumque consequatur.', '2024-01-31 13:45:00', NULL, 5, 10),
(33, 'Sapiente velit mollitia saepe odio non voluptas atque.', 'Inventore consectetur consequatur repellat. Aut qui quos necessitatibus. Illo dolores consequatur vero vero praesentium sequi. Qui vel nam numquam alias culpa inventore. Magni recusandae commodi accusantium corrupti qui quaerat qui. Ipsa maiores voluptas commodi voluptas fugiat. Voluptatem qui atque repellat fugit enim. Eaque omnis animi at vero rem non quia. Esse praesentium velit nam perferendis. Ex quaerat repellat quas voluptatem ut et. Sapiente ad autem est velit inventore odio voluptates. Beatae aliquid et in facilis. Autem inventore exercitationem laudantium aliquid architecto.', '2024-01-31 13:45:00', NULL, 5, 2),
(34, 'Rerum qui sint voluptates.', 'Neque omnis nihil placeat nobis vitae. Et corporis eveniet repellendus qui quis et dolor ut. Ut esse delectus quia nulla voluptas sequi et. Repudiandae veniam nulla eveniet autem iure debitis. Aspernatur soluta saepe porro totam id. Omnis quod explicabo eum. Vel minima quia iste. Necessitatibus provident animi natus et pariatur ipsum asperiores.', '2024-01-31 13:45:00', NULL, 3, 13),
(35, 'Inventore exercitationem pariatur recusandae voluptatem.', 'Quos sit quibusdam tempore nesciunt rerum. Quia ut perferendis minus numquam. Voluptatum temporibus quae expedita asperiores nemo labore facilis neque. Atque aliquam reprehenderit ut magnam quis rerum. Ut rerum autem est impedit accusantium beatae quis. Sit qui sunt quia cupiditate voluptate. Aut quasi nesciunt fugit omnis. Beatae illum quod impedit. Cum quibusdam soluta assumenda et necessitatibus. Enim velit vel beatae a in ad.', '2024-01-31 13:45:00', NULL, 7, 19),
(36, 'Quisquam praesentium voluptas excepturi.', 'Quidem aliquid eos a quam. Quo voluptatum voluptatibus nulla id ut. Voluptas qui quo maiores ratione harum quo et. Aut nihil animi sit quis. Qui officiis iure aperiam magni pariatur. Qui aut reprehenderit deleniti quam saepe aut nisi. Soluta quia sint veritatis ea. Iusto rerum qui autem ducimus quia.', '2024-01-31 13:45:00', NULL, 4, 19),
(37, 'In sed enim quis minus.', 'Quisquam illo qui minus ut. Ipsam quod est consequatur eligendi non voluptate ullam. Earum ratione magnam ipsam itaque exercitationem soluta aut. Sit qui sed earum nesciunt. Vel facere architecto vel pariatur. Nemo sit eveniet est aut. Officiis libero ut minus consequatur. Iure consectetur veritatis soluta quibusdam quasi vel eos. Ratione voluptatem atque deleniti ut repudiandae voluptatem quo quia. Officiis temporibus veritatis perferendis odit ut mollitia debitis. Laborum est in vitae recusandae.', '2024-01-31 13:45:00', NULL, 8, 11),
(38, 'Explicabo consequatur voluptates et aut.', 'Et asperiores deleniti deleniti delectus qui perferendis vero. Ut quis nihil tempore aspernatur. Similique nostrum delectus laboriosam eos error et non veritatis. Odit adipisci voluptas qui. Beatae quia at sunt iure et sed iste sit. Sit reiciendis in aliquid mollitia. Ea molestiae natus quae iste quo. Consequatur sapiente molestiae culpa quas occaecati molestiae maxime. Sed sint dolor expedita quo in rerum. Optio omnis necessitatibus possimus fuga nam autem doloribus eos.', '2024-01-31 13:45:00', NULL, 6, 11),
(39, 'Omnis modi vitae neque.', 'Occaecati est et dolor expedita iste et aspernatur. Autem voluptas facere rerum minus aut ab. Soluta et sint nisi tempora. Ut ea doloremque est impedit. Voluptates eos pariatur voluptatem non. Sed et laudantium quia voluptatem consequatur harum. Quis quidem amet ad quo similique officiis. Explicabo dolorem sed repellat voluptatem. Nesciunt saepe et vel aut sint non id est. Labore qui minima quas unde voluptatem delectus. Quis velit ea ipsum voluptatum quia. Consequatur eum quam commodi fugiat autem in ea. Dicta possimus eaque eum adipisci.', '2024-01-31 13:45:00', NULL, 9, 16),
(40, 'Vitae sed illo ut quasi minima accusamus.', 'Aspernatur vitae veritatis corporis. Et nisi similique rerum amet. Est ipsa quas dolorum animi fugit cupiditate eveniet. Nulla et quidem non voluptatem mollitia. Molestiae error quia sapiente qui suscipit autem. Vel quia et voluptatem ullam libero ea. Quas qui veritatis aperiam molestias illo corrupti. Consequatur aut nihil illum odio. Voluptatem et dolorum qui at. Velit eligendi dolore aliquid nesciunt rem qui. Cumque soluta eaque et nihil porro ad suscipit culpa.', '2024-01-31 13:45:00', NULL, 2, 19),
(41, 'Iste voluptatem ipsam quo hic quo est dolorem.', 'Tempora ipsum quia et maxime. Excepturi dolore quidem totam aliquid dolorem id provident. Magni natus aperiam exercitationem ipsa ab. Voluptates voluptatibus alias deleniti rerum nesciunt consequatur. Occaecati debitis nemo laudantium nisi eos cumque ad. Impedit quis maiores doloribus sequi. Eum vero earum adipisci nostrum nam nesciunt ea. Vel adipisci officiis excepturi sint quisquam fugit natus quia. Ut aut eligendi ut libero id. Mollitia fugiat aliquam voluptatem iure. Non consequatur officia culpa asperiores. Omnis necessitatibus dolores illo.', '2024-01-31 13:45:00', NULL, 8, 12),
(42, 'Quia at error alias doloremque.', 'Accusantium et harum eum unde pariatur. Nihil dolor recusandae blanditiis et. Id quae aspernatur voluptatem et facilis. Et quasi similique et optio quas minus recusandae. Rerum ullam officiis molestiae distinctio illum. Quisquam officiis ea quis nesciunt. Aut officia dolor cum dolor. Sit est voluptas corrupti sunt aut est ex. Aut beatae pariatur accusantium veniam. Harum est nostrum fugiat aperiam. Sit ab quia rem totam.', '2024-01-31 13:45:00', NULL, 8, 19),
(43, 'Quisquam et ipsum vero sit amet consequuntur possimus.', 'Dolore quia incidunt molestiae quis error quia. Adipisci ut officiis libero distinctio veritatis quae qui. Aut maxime incidunt eos culpa natus impedit. Eligendi illum nisi molestiae est autem assumenda. Ex dolor ducimus eius architecto tenetur. Quis laborum doloribus nesciunt qui natus unde. Odio expedita non unde sit. Perspiciatis occaecati labore nihil maxime. In et ea dolor voluptate autem sed exercitationem. Aspernatur est facere facilis.', '2024-01-31 13:45:00', NULL, 7, 3),
(44, 'Reprehenderit quia molestias quo adipisci et dignissimos suscipit.', 'Dolor alias maiores ducimus at vel molestiae voluptate eum. Nemo sed occaecati dolorem eum aliquam numquam autem voluptatem. Reprehenderit quo atque recusandae at. Doloribus corporis dicta tempore. Sunt tenetur fuga aspernatur deleniti voluptas. Assumenda voluptas natus occaecati sint sed. Quis consequatur numquam fugit aspernatur alias accusamus. Dolor ex molestiae et et. Ut rerum occaecati modi officiis aut dolor. Qui et occaecati accusamus quae corrupti dolores.', '2024-01-31 13:45:00', NULL, 6, 3),
(45, 'Eaque dolores adipisci deserunt doloribus cupiditate ut cupiditate.', 'Aspernatur non quia temporibus consequatur. Fugit natus ut dolorem repudiandae occaecati qui. Esse voluptatem eum pariatur odio. Et quia quia velit modi. Reprehenderit ut nostrum voluptas sunt provident dolorem quaerat. Quisquam ipsum optio unde quas corrupti. Quas veritatis exercitationem voluptas consequatur. Reprehenderit aut sit ea eum. Molestiae dolore assumenda est harum eius.', '2024-01-31 13:45:00', NULL, 6, 5),
(46, 'Facere ullam et harum maiores optio.', 'Assumenda eum qui aut cum eos in rerum. Tempore voluptates veritatis esse omnis porro. Harum tempore aut placeat impedit eaque doloribus. Blanditiis omnis ut et tempore sit consequatur eligendi. Dolor nobis est et dolores sit distinctio. Nihil aliquid amet et dolorem eveniet quaerat optio et. In natus tempora aut dolores rerum veniam. Reprehenderit dolores dolor nam laudantium sequi illo esse. Et dolorum ut aut officia quia repudiandae necessitatibus quia. Magnam facilis deleniti earum dolorem omnis. Enim id molestiae ut dolores aliquam non quam eum. Totam occaecati tenetur accusantium assumenda debitis enim voluptas labore.', '2024-01-31 13:45:00', NULL, 3, 19),
(47, 'Dignissimos et molestiae quisquam sed et.', 'Itaque temporibus quia distinctio laudantium ut. Sunt similique a quidem quas quo ut dolor corrupti. Distinctio aperiam dolores nesciunt laboriosam quibusdam. Molestiae dolore ea est molestiae vitae. Sequi ducimus est praesentium ea. Quia eligendi et asperiores ad exercitationem. Consequatur aut velit explicabo consectetur. Est voluptatibus et nobis qui non quia.', '2024-01-31 13:45:00', NULL, 2, 16),
(48, 'Qui consectetur quidem provident sunt vel commodi quasi maiores.', 'Nobis odio dolor provident explicabo nulla perferendis. Delectus ipsam rerum esse. Cum non ratione quo vel quia quidem cum. Eveniet eveniet suscipit minus qui quae. Qui beatae soluta debitis commodi. Pariatur omnis doloremque nam eius voluptates. Voluptatem et et voluptatem accusantium ab aut sit. Ea tempore velit porro quod itaque dolor quae. Hic aut saepe quia est explicabo facere mollitia.', '2024-01-31 13:45:00', NULL, 9, 7),
(49, 'Molestiae blanditiis ea libero eos.', 'Recusandae repellendus sequi non. Earum nostrum animi sint accusamus. Quo quaerat natus numquam non sunt vel numquam a. Autem quia error magnam et dolores error quia. Totam cum doloribus eos laboriosam ex qui dicta qui. Ipsam inventore molestiae amet quaerat id. Officia natus ex distinctio facere sed. Vitae excepturi dolor veritatis sit perferendis earum suscipit non. Voluptatem et fugiat odio dolorum recusandae repudiandae.', '2024-01-31 13:45:00', NULL, 10, 16),
(50, 'Molestias veritatis cupiditate neque.', 'Adipisci est ipsa ut reiciendis dolores cupiditate. Ipsum ut omnis vel. Maiores ad eum eligendi possimus est. Dolor ea quisquam sit nam. Optio voluptas vel a dolorem est. Unde neque quam deleniti rem veniam error nihil. In deserunt laboriosam velit eveniet molestiae et. Nihil sed sed nobis veritatis natus qui delectus qui. Dolor cumque eveniet doloremque enim voluptatem at animi. Similique explicabo eaque dolores id in ad voluptatem. Non id ullam unde consequatur. Architecto sunt aut architecto nihil iste.', '2024-01-31 13:45:00', NULL, 3, 10),
(51, 'Recusandae tenetur vel est pariatur sed qui vel quia.', 'A est adipisci quo nobis. Accusamus ut ipsum unde. Autem laudantium aperiam optio et optio voluptatem velit. Autem sequi laudantium perspiciatis totam fugit laudantium expedita. Vel autem illo voluptatem recusandae. Dolores rerum animi quidem dolores ut. Perspiciatis laborum qui fugiat totam est. Ut rem sed sit dolorem necessitatibus. A voluptas et consequatur velit alias molestiae repudiandae. Voluptatem voluptatem sed illo est. Quibusdam qui praesentium necessitatibus accusantium quisquam cum.', '2024-01-31 13:45:00', NULL, 7, 19),
(52, 'Consectetur voluptatem reprehenderit iste quod dolore.', 'Et aspernatur autem unde ducimus maxime deserunt molestias explicabo. Itaque eligendi consequatur magni perferendis. Ut in cupiditate dicta exercitationem in. Perferendis et saepe similique in et voluptas velit. Ratione reprehenderit eveniet labore non ratione consequatur. Rerum vel tempore ipsam omnis omnis voluptates. Aut quia quae qui quo. Debitis culpa unde fugiat aperiam eligendi nam blanditiis. Sit voluptatem sapiente odit voluptatem eaque assumenda. Rerum vero odio neque sed. Explicabo enim enim iste dolorum est consectetur.', '2024-01-31 13:45:00', NULL, 9, 11),
(53, 'Et et repellendus tempora dignissimos possimus rerum.', 'Sit molestiae magni ea ea architecto aut consequuntur itaque. Aut doloremque vero eaque delectus numquam et. Architecto velit quasi ea qui sit. Esse consequuntur aspernatur occaecati quis. Fugit quo deleniti quos nesciunt. Natus omnis magni occaecati nam quas ipsam voluptas. Harum dicta voluptatem et voluptatem harum. Dignissimos voluptates porro iure in in. Aliquam sed quo et dolor et molestias. Eos repellendus ut rerum.', '2024-01-31 13:45:00', NULL, 8, 10),
(54, 'Consectetur totam voluptatem aut odit expedita autem excepturi.', 'Voluptatem possimus perferendis deserunt voluptas. Quis eaque quibusdam quidem. Quo ut delectus minus nisi fuga. Qui optio rerum laborum facilis nisi porro rem. Incidunt maxime animi perferendis ut quia sunt. Expedita sapiente illo ut aut animi porro voluptatem. Quis incidunt corporis aut. Voluptatem blanditiis voluptas tempora. Pariatur voluptate sunt ipsum quia ullam rerum. Sit repellendus deleniti expedita molestiae. Dicta voluptatem iure consequatur tempora. Sunt facilis inventore ut voluptas tempore.', '2024-01-31 13:45:00', NULL, 10, 18),
(55, 'Adipisci aut earum vel corrupti.', 'Est dolores ut voluptas sed. Atque porro laudantium explicabo repellendus non. Est omnis autem veritatis quae est aliquid nemo. Deserunt quo dolores aut amet itaque praesentium qui. Voluptates beatae eveniet dolorum. Qui consectetur labore commodi illum sunt. At aut nostrum quia amet quis sequi quo. Quo consequatur facere praesentium consequuntur.', '2024-01-31 13:45:00', NULL, 4, 2),
(56, 'Enim ut sed est magni.', 'Aut ex maiores non ea. Corrupti voluptatibus ut voluptates veritatis odio aut fugit. Autem cupiditate veritatis optio omnis sequi repellat. In ut non at nam. Asperiores aut voluptatem laudantium quam maxime. Dolor rerum vero voluptatem labore fugiat. Laboriosam repellat vel quis repudiandae porro optio. Nihil quod iusto laudantium qui nisi cum dolor ipsum. Aliquam fugiat rem iusto tempora doloribus quaerat enim. Aut ipsa qui ut reiciendis amet.', '2024-01-31 13:45:00', NULL, 6, 20),
(57, 'Fugiat ut doloribus molestiae mollitia aut ut.', 'Sed quas ullam voluptas aut. A consequatur sint ratione. Odit sunt fuga et quis. Numquam repellendus officiis consequatur aut maxime rerum voluptas. Praesentium tempore cupiditate totam quasi illo repudiandae quae. Iure qui aut dolorem quisquam impedit cupiditate quibusdam incidunt. Quis repellat vitae nisi iure aspernatur.', '2024-01-31 13:45:00', NULL, 6, 15),
(58, 'Consequatur quis perferendis ipsum et est commodi.', 'Illo quisquam similique voluptatem velit. Libero blanditiis excepturi eos corrupti temporibus minima. Est nihil minus harum natus. Aut et vitae omnis labore et tempore perspiciatis. Iure natus quis ipsum libero et quia adipisci. Et quae rerum ipsum tenetur. Sit ea aliquid animi et sunt exercitationem accusamus. Expedita voluptatem id voluptate ut ut optio similique. Incidunt occaecati cum aut quae architecto. Quia omnis maiores voluptatem unde itaque in amet natus. Fugit voluptas doloribus esse ut autem culpa. Quia dolor dolor sunt adipisci. Expedita earum et sed sed assumenda incidunt est.', '2024-01-31 13:45:00', NULL, 3, 15),
(59, 'Nisi architecto quo perspiciatis ducimus.', 'Dolores doloribus eum optio deleniti non porro. Expedita deleniti quia beatae unde facilis. In iste qui ratione delectus aut quam veritatis. Quos voluptas totam reiciendis tempora repudiandae. Ipsum praesentium deserunt maiores ut aut nihil a. Maxime at velit impedit. Qui placeat ut commodi incidunt consequatur consequuntur voluptatem. Facere minima voluptates corrupti sed illo. Quo et tenetur sed non. Id ratione aut velit quis et sed quibusdam molestiae. Illum et et nihil harum ea sit temporibus.', '2024-01-31 13:45:00', NULL, 8, 3),
(60, 'Aliquid voluptas commodi id quaerat dolor harum.', 'Eum vitae dolore adipisci natus. Veniam amet corrupti voluptas officia deleniti omnis. Saepe est enim aut sit ad reiciendis enim repudiandae. Aut est dolores id aut. Blanditiis dignissimos consequatur atque. Et libero quas ratione aut dolores autem beatae. Quas ipsa et corporis culpa iusto ipsam. Commodi ipsa voluptas cum sit commodi totam minima. Similique est alias dignissimos voluptatem commodi. Quo nesciunt occaecati sequi sapiente ab qui illum. Vel repellat possimus sunt optio. Ut et accusamus odio qui. Distinctio et dolores cum est ipsum similique eaque. Aut reprehenderit alias accusamus sit excepturi accusantium.', '2024-01-31 13:45:00', NULL, 6, 18),
(61, 'Ipsum facere rem voluptatem quia quo.', 'Id animi dolores magnam et suscipit. Tenetur laborum quasi dolore quos blanditiis atque maiores. Odio magnam in non voluptatem. Enim distinctio dolor odio harum. Sit qui consectetur ipsam cum in. Ut rerum qui quaerat. Atque ullam error reiciendis ut. Consequatur doloribus nulla possimus cumque incidunt tenetur enim modi. Quasi sint dolorum qui nulla sit libero similique. Necessitatibus repellendus enim dolores ratione dolores beatae.', '2024-01-31 13:45:00', NULL, 1, 2),
(62, 'Expedita ut aut id sit quia consequatur.', 'Provident rerum autem sequi perspiciatis impedit. Laboriosam explicabo sed minima sit tempora at. Quis enim voluptatem non aperiam incidunt dolore. Tempore ut ut animi omnis. Consequatur molestiae est ut nobis praesentium est voluptas voluptatem. Est expedita sed quas placeat ex amet inventore. Necessitatibus vel iusto vel omnis. Assumenda a consequatur dolore voluptates. Assumenda magnam deserunt magni qui beatae.', '2024-01-31 13:45:00', NULL, 7, 4),
(63, 'Consequuntur deleniti nisi laboriosam.', 'Hic quibusdam et perferendis labore aliquam. Occaecati sunt unde consequatur quisquam. Eligendi quia in sit. Est itaque qui repudiandae blanditiis quo amet adipisci. Deleniti quas ea tempora voluptatibus culpa aperiam molestiae. Recusandae veritatis natus et quod accusantium voluptatem commodi quasi. Occaecati quo deleniti praesentium hic dolor. Deleniti culpa recusandae tempore autem nostrum quos sint. Inventore excepturi magni voluptas hic sit omnis aut. Blanditiis nesciunt exercitationem aut velit autem corrupti. Possimus dolorem laboriosam dolorem tenetur. Libero voluptates quos illum dicta at quisquam repudiandae.', '2024-01-31 13:45:00', NULL, 10, 5),
(64, 'Laudantium corporis quia atque facilis.', 'Et deleniti mollitia aut molestiae sint dolor. Molestiae dolorum nesciunt exercitationem. Ut fuga expedita laudantium quis eveniet laborum. Vero aperiam autem alias sunt velit beatae. Cupiditate dolorem saepe non reiciendis ut. Suscipit ut illum nam saepe. Eaque autem dicta atque. Quod repellendus quis voluptatem voluptatem nemo consequuntur. Quae molestiae atque maiores minima porro sed totam. Repellat eaque quis autem aspernatur dolorum. Asperiores nihil sit sed beatae quaerat et. Aut quis ea enim voluptatem debitis qui. Quaerat incidunt nemo est in alias.', '2024-01-31 13:45:00', NULL, 3, 16),
(65, 'Necessitatibus sed hic eius magnam.', 'Est et perspiciatis cumque iure aut ea veniam. Repellendus qui magnam odio. Corporis eum omnis sit natus velit omnis. Omnis inventore dolore illo expedita autem est modi. Maiores blanditiis optio nam non nesciunt. Fugiat quia vel explicabo. Ipsam voluptates dolorem earum. Praesentium soluta porro esse perferendis occaecati unde. Quia earum sit dolores ipsum alias eum. Non sed voluptatem soluta cum error quae fuga. Est est vitae sit quaerat enim tempore quasi.', '2024-01-31 13:45:00', NULL, 8, 17),
(66, 'Amet quis quis voluptatem rerum hic sunt esse nobis.', 'Sed aperiam qui eaque aliquid est eos harum. Ab asperiores sunt est vel ipsum dolorem. Iusto dolores provident enim libero esse. Est id repudiandae ut. Consequatur repellendus possimus minima consectetur laboriosam. Sit quis voluptatem quia quos. Aut accusantium quia dicta et aut autem est. Doloribus et qui voluptatibus repudiandae blanditiis. Dolorum illo rerum odit eligendi placeat eius est. Modi et molestias ut deleniti. Consequuntur amet illo totam quod similique ipsa. Sit sequi explicabo accusantium officiis possimus saepe necessitatibus aut. Ut corrupti consequatur magnam voluptatibus quam nihil aperiam.', '2024-01-31 13:45:00', NULL, 9, 7),
(67, 'Similique molestiae sunt porro quos.', 'Nihil beatae fuga omnis harum eos laboriosam. Et voluptatum cum distinctio neque iusto ratione accusantium. Et eius delectus eum molestiae culpa quo minima. Dicta est pariatur consequatur rem nihil quo fugit. Quibusdam sit distinctio nostrum voluptatem molestias neque est. Quas voluptas ad et dolores omnis doloribus quo laborum. Possimus consequatur perferendis tempore architecto. Placeat voluptates debitis laudantium rerum iste qui omnis vel. Inventore quas id ea. Quia nam voluptate accusantium reprehenderit aperiam odio vel. Et aut est iure ut iure cum dolores praesentium. Quidem atque alias ad ad et veritatis. Et eum ducimus qui rem architecto. Quos facilis sint explicabo dolorem cumque.', '2024-01-31 13:45:00', NULL, 6, 12),
(68, 'Odio dolorem aut voluptas vel non quidem provident.', 'Dolores numquam voluptas repellat vel voluptas. Consectetur aperiam dignissimos ipsa atque aut. Vel sunt a eum modi necessitatibus dolores hic dicta. Error nobis molestias ut voluptas earum ipsum consequatur. Magni ut esse quos quia amet eveniet veniam. Sunt aliquam at quia molestias ut reprehenderit reiciendis error. Doloribus ducimus blanditiis aut magnam explicabo optio ducimus rerum. Similique rerum distinctio non dolore facilis reprehenderit voluptatem.', '2024-01-31 13:45:00', NULL, 6, 20),
(69, 'Repellat quae minima blanditiis numquam.', 'In quis eum ut autem vitae. Sit et dolores reiciendis aut. Aut dignissimos perferendis commodi et officia hic. Assumenda rem unde voluptatem voluptatum impedit culpa. Quia et debitis repudiandae harum. Similique assumenda quibusdam itaque esse iusto. Tempore ad pariatur harum rerum vitae illum aut.', '2024-01-31 13:45:00', NULL, 8, 18),
(70, 'Expedita aliquid eos aspernatur occaecati.', 'Iusto dolore dolores qui possimus qui libero ad. Modi totam maiores sit ut a ullam voluptate. Tempore sapiente vel ut unde. Beatae ut est fugit deleniti veniam minima nam. Fugiat saepe repellendus perferendis excepturi quos non. Sed qui labore quod ut. A ea omnis optio esse veritatis officiis ratione. Omnis odit tempore quaerat praesentium voluptas non. Distinctio quidem similique blanditiis totam illum facere. Nam sunt et voluptas voluptas quisquam. Eum molestias dolore veniam dolorum ut sunt. Ipsa sint sit rem ab iste impedit tempora. Placeat quas cumque itaque in aperiam expedita.', '2024-01-31 13:45:00', NULL, 5, 11),
(71, 'Quisquam pariatur labore rem recusandae id dolor laboriosam asperiores.', 'Qui aliquid facilis aut laboriosam. Eum sit consequuntur minima delectus velit voluptatem omnis quia. Ad quae doloremque quia doloremque ipsam. Est nobis minus est eos est cupiditate nam. Minus illo nam nostrum iusto. Hic rerum et iure doloremque qui aut. Eum voluptate ut et. Nihil sit autem doloribus dolor atque. Corporis sed neque voluptas deserunt. Explicabo dolore sint consequuntur consequatur ex. Voluptatem nemo nobis enim sunt consequatur.', '2024-01-31 13:45:00', NULL, 8, 2),
(72, 'Dolorem quos eveniet sint natus excepturi ratione sunt.', 'Inventore architecto ea rerum aliquid accusamus modi molestiae ut. Tempore repudiandae rerum deleniti commodi velit. In aperiam itaque dolor incidunt rerum. Veritatis placeat harum impedit dolor ullam sit omnis quisquam. Et odio minima voluptatem fuga tempore neque exercitationem. Enim rerum at hic repudiandae saepe. Molestiae ut aut et. Qui sit aut impedit perferendis distinctio quasi a. Doloremque voluptatem autem quibusdam ducimus voluptatum et natus. Ut nam ipsam voluptatem et voluptatem aut culpa.', '2024-01-31 13:45:00', NULL, 6, 17),
(73, 'Quod doloribus optio iure libero alias.', 'Aliquam eius voluptatibus veritatis neque numquam. Expedita occaecati magni sapiente sed ipsum veritatis laudantium. Officia natus ipsam maiores qui. Provident et quod mollitia molestiae et eos. Nesciunt quam qui dolore excepturi natus. Sunt neque eos saepe. Fugit impedit id ea magnam consectetur autem. Iure libero voluptatibus vel enim aut occaecati qui.', '2024-01-31 13:45:00', NULL, 8, 6),
(74, 'Est ut et eum et.', 'Nihil sit rerum facilis autem quia. Eius modi voluptatem aut dolorum omnis quam doloribus. Dolores quo et reiciendis sed quisquam. Quas ad sed iure quisquam officiis consequatur. Et nisi consequatur nihil commodi qui atque et. Molestiae laudantium voluptates sequi id quibusdam esse. Doloremque neque molestiae ducimus placeat iure quos rerum.', '2024-01-31 13:45:00', NULL, 7, 7),
(75, 'Maxime placeat suscipit quas dolores ut doloribus.', 'Molestiae mollitia dolorem velit totam harum. Alias laborum ut ut. Neque veniam voluptatem vel eius et nesciunt qui quis. Ex iure vitae nulla impedit tempora architecto voluptatem autem. Eligendi qui non magni adipisci. Qui alias et quia. Mollitia autem et et earum. Id blanditiis consequatur ut sit ab suscipit. Eligendi quia et non facere tempore ab adipisci. Fugit voluptatem ut mollitia itaque dolorem et sit. Ratione officiis cupiditate tenetur aspernatur nesciunt. Qui harum assumenda quia voluptatem aut dicta. Quaerat non corporis facilis.', '2024-01-31 13:45:00', NULL, 5, 13),
(76, 'Illum quia qui voluptate temporibus accusantium minima alias.', 'Rerum perferendis praesentium vitae dolor qui a labore est. Eius in sint deserunt voluptas unde voluptatibus. Eaque dignissimos repellendus quidem adipisci quia ex. Et officiis minus enim. Praesentium hic nobis aut quo omnis. At natus itaque libero quos. Optio et in eligendi repellat. Atque reprehenderit non rerum repellat. Rem pariatur ea molestiae sit qui excepturi magnam. Et corrupti molestiae aut nesciunt. Reprehenderit excepturi perspiciatis recusandae architecto eos. Suscipit optio voluptatum quia aut non at consequatur.', '2024-01-31 13:45:00', NULL, 7, 19),
(77, 'Neque sed debitis voluptas porro magnam debitis.', 'Numquam praesentium repudiandae quia qui aut blanditiis. Nulla tempore et fuga soluta. Quibusdam ducimus ipsam dolore eveniet aspernatur quisquam. Eveniet enim repudiandae aut consequatur nisi eligendi possimus. Aspernatur voluptatibus molestiae repellat aut. Blanditiis id molestias quis et. Voluptatem dolor aspernatur sunt cupiditate vitae libero cum. Dicta et nihil optio assumenda quia iste ut. Sit sunt esse ullam est omnis. Eaque optio neque voluptatem quisquam qui totam corrupti et. Provident autem voluptate quo ea aperiam id natus. Veniam fugit molestias voluptatem nihil expedita aut quis. Quo molestiae quae est. Molestias repellat voluptas perferendis corporis qui quas laboriosam.', '2024-01-31 13:45:00', NULL, 4, 5),
(78, 'Est consequuntur sint nam doloribus.', 'Voluptates alias voluptas officiis laudantium. Harum rem aut aspernatur id veritatis. Error dolores vel reprehenderit dolore sunt ab cum. Laboriosam quisquam dolores sit numquam ex. Dolor ut et et voluptates et ex nesciunt sit. Dolorem quia non soluta deserunt deserunt ipsa. Vero laboriosam voluptate voluptas voluptate inventore. Corporis a illum sint corporis. Veritatis ut odio eos rerum in eius saepe. Omnis dolorum quis fugit id. Voluptatem est tempora commodi. Accusamus quae inventore iusto aliquam officiis fugit est. Omnis consequatur dolor est. Nostrum qui repellat sapiente ipsum.', '2024-01-31 13:45:00', NULL, 7, 5),
(79, 'Asperiores est eligendi aperiam voluptatem.', 'Dolores placeat ut impedit natus itaque labore illo. Totam officia quos natus culpa. Qui repellat eum iure quo repellat aut a. Sequi in culpa et et quasi sed. Nobis assumenda nisi qui nemo. Delectus voluptatem qui nesciunt quo quae. Nihil quibusdam nesciunt quasi eos voluptatem fugiat cupiditate. Culpa nihil ut nisi voluptas vel.', '2024-01-31 13:45:00', NULL, 8, 20),
(80, 'Et consequatur expedita ipsam autem nihil cumque maxime.', 'Distinctio ut qui natus perspiciatis. Modi non voluptatem sed rem quisquam repudiandae delectus fugiat. Eaque accusamus ullam ipsa et quae officiis. Et quia rem odit neque enim aliquid vitae alias. Accusamus maiores perferendis quibusdam esse. Ullam ducimus fuga alias eum voluptate quisquam facilis. Deserunt labore rerum atque. Fugiat occaecati tenetur consequatur et. Nobis eum expedita atque enim qui. Facere neque eos dignissimos distinctio deserunt. Blanditiis vitae quia minima consequatur vitae voluptate iure quibusdam.', '2024-01-31 13:45:00', NULL, 3, 8),
(81, 'Ad libero ea vel.', 'Qui mollitia est officiis odio sed sed. Et ex suscipit dicta et. Recusandae doloremque occaecati fuga distinctio laudantium magni ut. Similique sint est deserunt et sint itaque velit. Cupiditate sint voluptate libero exercitationem quia vero similique. Debitis ipsa voluptas vel et a omnis. Labore impedit reprehenderit molestias quae quidem et nihil. Veniam vel ea odit tempore exercitationem. Modi molestiae autem dolor in esse dignissimos. Aliquam minima dolor ipsum voluptates quia omnis.', '2024-01-31 13:45:00', NULL, 2, 1),
(82, 'Facilis quo est consequatur atque sunt.', 'Asperiores omnis beatae ipsum aut molestiae. Et voluptatem sit aliquam ea. Cupiditate voluptas doloribus aut reiciendis quibusdam. Dolore repellat ut qui reiciendis officiis voluptatibus qui. Qui minus laboriosam culpa cupiditate quaerat aliquam. Dignissimos animi tempora alias dignissimos. Porro consectetur quidem accusantium sunt alias praesentium. Et consequatur enim qui non quisquam aut. Natus doloremque nesciunt iure neque optio maiores.', '2024-01-31 13:45:00', NULL, 5, 7),
(83, 'Enim facere voluptatem dolorum fugit.', 'Soluta eum ratione molestias quaerat molestiae nihil itaque. Qui omnis et vel ex est quasi est. Quaerat incidunt molestiae animi itaque. Non ab necessitatibus rerum rem. Mollitia et et libero. Vel vel blanditiis voluptatem tempora nihil ipsum. Voluptatem consequuntur dolorum ea nulla aut quos autem. Quam accusamus quis modi consectetur aut. Illum repellat autem maxime voluptatum commodi veniam. Ipsa quia nostrum ea et animi dolores recusandae quis. Dolorem iste atque soluta qui. Autem est doloribus occaecati expedita cumque architecto. Sit et iure hic odio.', '2024-01-31 13:45:00', NULL, 8, 14),
(84, 'Nam qui deleniti est voluptas.', 'Maiores dolor repellat a voluptas. Impedit quisquam vitae impedit repellendus et. Ratione reiciendis fugiat quod suscipit explicabo quod. Consequatur sequi ut sed dolores ut et fugit cupiditate. Ex sint tempora necessitatibus incidunt a nam delectus et. Voluptate ut ipsa nemo aliquam. In tempore laboriosam nulla eos nemo veniam cupiditate earum. Eveniet dolor optio dolor et consequatur. Maxime cum et porro ut reprehenderit omnis. Fugiat illum recusandae omnis recusandae animi mollitia. Blanditiis rerum natus eveniet aperiam.', '2024-01-31 13:45:00', NULL, 6, 1),
(85, 'Enim dolor consequatur laudantium voluptate sapiente libero.', 'Cumque doloribus excepturi neque. Fugiat molestiae et delectus facilis. Quia neque laborum voluptas saepe. Sequi repellendus ut eum omnis rem dicta voluptatem. Et architecto labore repellat unde minima praesentium sed. Aut soluta et mollitia placeat. Sapiente quibusdam et et voluptas fugiat vel repellat. Sint ducimus accusantium quaerat sed tempora facere. Consequatur fugiat sunt autem. Maxime laborum odit recusandae in sequi vel quia. Voluptatem aspernatur vel consequuntur incidunt libero explicabo. Molestiae aut in facilis dolorem quia molestiae. Aliquid quidem et dolore quia error maiores ab.', '2024-01-31 13:45:00', NULL, 10, 3),
(86, 'In natus temporibus ea eum.', 'Velit qui nulla omnis et. Dolorum dolorem perspiciatis sed corrupti eos sint. Eos accusantium consequatur laborum esse aut ipsam. Saepe repellendus fuga totam dolorum quibusdam. Itaque voluptates suscipit quas labore pariatur. Ipsum magnam minima repellendus voluptate enim odit. Quo rerum aut enim reiciendis suscipit ipsam placeat. Illo expedita placeat ratione et minus dolor. Omnis voluptas sunt exercitationem odio eaque amet. Voluptas repellendus mollitia molestiae vel doloribus qui voluptas. Quaerat architecto eligendi doloremque nihil. Voluptatibus neque soluta iusto incidunt inventore quaerat a.', '2024-01-31 13:45:00', NULL, 10, 13),
(87, 'Amet cum sint dolorem ut qui.', 'Eum modi ut soluta libero cumque. Ut sapiente cupiditate quidem. At qui deleniti quia maiores recusandae sapiente voluptatem maiores. Consectetur nobis laudantium totam consequatur. Repellendus quis tempora cupiditate non delectus. Ea necessitatibus nam in officia et. Ex error sit ut quis.', '2024-01-31 13:45:00', NULL, 4, 20),
(88, 'Ad eaque magnam itaque rem molestiae sint.', 'Alias et iste quia doloremque. Dignissimos saepe sed blanditiis dolores. Laborum unde quisquam odio nam vel. Odit eum eos tempore sit. Neque voluptate consequatur nihil voluptatem eos aut. Quis eius beatae cum sunt non inventore enim eveniet. Vitae unde tenetur enim consequatur est non alias. Quaerat qui et aut consequuntur asperiores est. Voluptates omnis explicabo voluptas omnis. Itaque minus ut voluptatem quo.', '2024-01-31 13:45:00', NULL, 2, 3);
INSERT INTO `post` (`id`, `title`, `content`, `created_at`, `updated_at`, `user_id`, `category_id`) VALUES
(89, 'Quaerat perspiciatis ea nostrum qui vel numquam hic.', 'Rerum sunt omnis eum distinctio sed. Qui eligendi maiores nihil. Repudiandae excepturi culpa iusto. Voluptatum et libero ullam qui aut dicta et. Sed distinctio dolorem ex architecto non magnam reiciendis aut. Deleniti nam nesciunt voluptas officiis totam. Sequi dolores aspernatur voluptatem accusamus. Non amet repellendus explicabo voluptatem. Itaque consequatur omnis rem. Temporibus consequuntur minima nemo nihil officiis sed. Odit consequatur quo laudantium quidem aut modi. Aut inventore velit ipsum tempora doloribus.', '2024-01-31 13:45:00', NULL, 2, 14),
(90, 'Blanditiis voluptas non et unde facere non ullam repellat.', 'Officia necessitatibus praesentium vel dolorum natus aperiam. Omnis est dolor eum debitis voluptatem repellendus at. Nulla alias repellat vitae dolorem. Dicta quis cumque quidem quibusdam et qui beatae culpa. Autem est occaecati ullam consequatur earum nisi id. Vel alias ex qui aut sed. Nobis odio a nisi aperiam id vero totam. Dolorum nemo praesentium saepe minima accusamus enim culpa. Mollitia totam iste ut possimus eveniet. Quasi sit voluptate illum est. Quas voluptatem tenetur quos culpa et laborum ratione itaque.', '2024-01-31 13:45:00', NULL, 4, 4),
(91, 'Placeat consequatur reprehenderit aliquid.', 'Maiores odio itaque culpa minus. Voluptatum vel tempora ut voluptate aut cumque consequuntur. Cupiditate asperiores consequatur ut vero provident. Architecto ea vitae soluta velit. Ut voluptas quae dolores qui exercitationem ipsum qui. Dolor minus sit nesciunt iusto accusamus. Aspernatur eius modi illum quaerat. Harum cum corrupti eos suscipit qui.', '2024-01-31 13:45:00', NULL, 3, 13),
(92, 'Qui quia impedit voluptas eveniet.', 'Minus tenetur illo ut itaque et libero. Qui aut odio accusantium rerum officia aperiam reprehenderit ut. Excepturi qui sapiente enim impedit laborum ut ducimus enim. Odit officia facere qui nihil. Sint optio vel est voluptatem dicta quia. In voluptatem nemo nemo ipsum nisi. Alias aperiam cupiditate nihil ipsum repudiandae aut ex. Velit laborum recusandae et dolorem. Aut maxime sed nobis ab at enim. Voluptas a laborum hic id repellat aut aspernatur. Tenetur voluptatum perferendis rerum sed. Soluta at similique voluptas delectus repudiandae deleniti eligendi. Repellat quae dicta autem velit quibusdam.', '2024-01-31 13:45:00', NULL, 2, 20),
(93, 'Iste quis numquam beatae.', 'Necessitatibus consequatur autem accusantium suscipit blanditiis officia et quos. Sunt qui atque ut at numquam. Repellendus deserunt quia tempora eum ullam. Et eum est dolorem labore. Ullam accusamus est cum minima quod eum vero. Quo sunt similique rem sint ea. Cupiditate quis aut eum sapiente quod iste nobis beatae.', '2024-01-31 13:45:00', NULL, 10, 3),
(94, 'Distinctio vel quidem qui consequatur in eos.', 'Saepe dolor error enim inventore dolore delectus facere. Accusamus magnam repellat facere voluptate tenetur. Similique ullam et accusantium dignissimos optio repudiandae. Necessitatibus velit laboriosam quibusdam perspiciatis voluptate corrupti. Qui et eius laudantium aliquam nobis et ut. Inventore blanditiis perspiciatis perferendis quasi assumenda. Sunt sit nobis cumque eos sit quisquam. Omnis reiciendis commodi itaque corrupti consequatur porro magni.', '2024-01-31 13:45:00', NULL, 2, 3),
(95, 'Nemo omnis dignissimos corporis accusamus numquam.', 'Facere et voluptas et molestiae molestiae. Laudantium qui tempore sit voluptas aliquid vitae exercitationem laboriosam. Autem quo et eos sed explicabo. Accusamus fugit error accusantium dolor iste temporibus eligendi omnis. Fuga omnis facilis et eius fuga dolorem. Reprehenderit nostrum suscipit culpa ducimus. Quia omnis est nostrum blanditiis et. Suscipit velit dignissimos alias explicabo hic. Autem nihil aut porro placeat explicabo et. Saepe est laborum quia quidem consequatur. Minima et iusto amet tenetur hic dolor aperiam. Sed tenetur voluptates sint deserunt hic aut dolore. Amet dolorem est eius tempora qui vitae tenetur.', '2024-01-31 13:45:00', NULL, 2, 12),
(96, 'Quaerat sunt ad repellendus aut quasi in.', 'Assumenda aut alias omnis similique. Blanditiis magni delectus corporis magni ipsam sed. Et non rerum occaecati dolorem sapiente numquam. Vel earum quo eveniet qui sequi deleniti. Omnis eveniet numquam culpa consequatur quo consequatur est. Quod id eligendi asperiores mollitia libero qui nihil. Magnam est totam tenetur sapiente soluta non quae. Minima et veritatis quia accusantium in repudiandae est. Id et perspiciatis minus et. Praesentium vel illo et et harum. Sit sequi esse sed nihil vel non aut. Et et est magnam. Sunt sed in natus iure veniam doloremque. Praesentium iste velit atque commodi iste facilis beatae.', '2024-01-31 13:45:00', NULL, 2, 4),
(97, 'Non facilis eum officiis sit minima.', 'Reiciendis magni unde libero doloribus voluptates. Sed omnis debitis quas omnis natus velit maiores. Tenetur repellat nisi sequi dolor sed voluptatibus. Qui a ut doloribus amet iste nemo est. Mollitia laborum quo maiores alias. Minus error eos mollitia voluptas ut minima unde. Autem cupiditate eum et error ipsa. Quibusdam necessitatibus non magnam omnis voluptas qui sit.', '2024-01-31 13:45:00', NULL, 6, 3),
(98, 'Officia qui at dolores ea quam numquam.', 'Nulla quis pariatur sit dignissimos sit ut. Cupiditate aspernatur voluptatibus sapiente sed facere. Id culpa voluptas omnis iure atque. Vel adipisci temporibus ut atque. Tempora totam cumque accusantium earum fuga. Perspiciatis dolores aut sunt dolores non perferendis. Itaque porro quae maiores. Et esse nemo dolorem distinctio. Laboriosam et qui sapiente amet aut. Voluptatem consectetur veniam architecto eum optio at. Cum recusandae impedit dolorum ut.', '2024-01-31 13:45:00', NULL, 5, 3),
(99, 'Praesentium cum natus eos dolores vel exercitationem et corrupti.', 'Culpa non omnis in ullam quo. Ipsam esse debitis qui quaerat ut in. Enim et illo corrupti delectus. Velit quaerat omnis voluptas nisi aut quia molestiae. Et eius optio ea rerum unde modi est. Aut est vero occaecati. Rem repellat fugit animi quis. Facere ipsum nemo ut amet aut et. Pariatur nam ab illum. Voluptate eum inventore laudantium itaque blanditiis enim fugit. Ab quibusdam deserunt nihil impedit dolores. Non fugiat quam voluptate ipsa. Tempore atque vitae et et numquam impedit cumque. Dolorem temporibus quam porro.', '2024-01-31 13:45:00', NULL, 4, 6),
(100, 'Tenetur quo voluptatem est ullam quia sit.', 'A nam voluptas ea reiciendis autem nam. Commodi qui corporis magnam nihil excepturi nemo consequatur. Quaerat praesentium sint sit numquam molestias omnis. Quos officiis voluptatem consequatur consequatur qui qui minus. Ipsa animi voluptas modi ut ad. Molestiae in omnis expedita. Minima distinctio autem sit est. In neque quo et est. Qui officia dolorem repellat. Sit est iusto qui voluptatum mollitia ullam ea a.', '2024-01-31 13:45:00', NULL, 5, 8);

-- --------------------------------------------------------

--
-- Structure de la table `user`
--

CREATE TABLE `user` (
  `id` int(11) NOT NULL,
  `email` varchar(255) NOT NULL,
  `password` varchar(255) NOT NULL,
  `firstname` varchar(255) NOT NULL,
  `lastname` varchar(255) NOT NULL,
  `role` longtext CHARACTER SET utf8mb4 COLLATE utf8mb4_bin NOT NULL CHECK (json_valid(`role`))
) ENGINE=InnoDB DEFAULT CHARSET=utf8mb4 COLLATE=utf8mb4_general_ci;

--
-- Déchargement des données de la table `user`
--

INSERT INTO `user` (`id`, `email`, `password`, `firstname`, `lastname`, `role`) VALUES
(1, 'odette95@gallet.fr', '$2y$10$YVEgeRgn./soD6kzGx/mfepGbXt1jhu81F/pme6OpeoLQiM8jlRaS', 'Nicole', 'Tessier', '[\"ROLE_USER\"]'),
(2, 'vbecker@meyer.org', '$2y$10$9BCWnuAG.by6ecJnDLnUVeXFUFcA/BCVtPN5vTmcLdnuxoYg489wy', 'Christine', 'Collet', '[\"ROLE_USER\"]'),
(3, 'rocher.marc@paul.fr', '$2y$10$3y9OhUT2E/JbeohRvbBzuezEmjfHCjpc1wPP27yEvGq.WzWhZk0/u', 'Anastasie', 'Rousseau', '[\"ROLE_USER\"]'),
(4, 'alphonse63@club-internet.fr', '$2y$10$UfpEByfepBaK3jjqQTeS1uIBJ1yY/vuXMAz98HG6kqNAGo0yNmOLW', 'Noémi', 'Denis', '[\"ROLE_USER\"]'),
(5, 'dupuis.susanne@masse.com', '$2y$10$2JOTkORh2AkxgIap0VsiVuCVRKxEbCZPIPKCC/gImaJ6syRvf1khm', 'Hélène', 'Valette', '[\"ROLE_USER\"]'),
(6, 'flopes@albert.com', '$2y$10$vp5erYTQqr3OQ7DzON.6c.UGRxI8RRdo3vlulgbrarCiRd4ojZaiy', 'Émile', 'Hoarau', '[\"ROLE_USER\"]'),
(7, 'ramos.frederique@club-internet.fr', '$2y$10$vIpylOfbK7e6J/VWfjpsmOEr6ZLNtLktt./7qChVsV7HjDCpsGEz6', 'Céline', 'Bouvet', '[\"ROLE_USER\"]'),
(8, 'rbarre@cohen.fr', '$2y$10$TgkZ6cr4qIf9G0Y8FHLDJ.THdkTtwBZuw4pp.eAqsCj31iR6iXd5m', 'Charles', 'Gilles', '[\"ROLE_USER\"]'),
(9, 'rbaron@michel.com', '$2y$10$FdhlshR72gYeialZs86x4OvIttWCHPP9yYWtYR7b2s3766X8zZfaK', 'Monique', 'Lejeune', '[\"ROLE_USER\"]'),
(10, 'philippe.jules@guyot.net', '$2y$10$eL8e8ZDf2Dk5st4zUEzjJOXAttz0mJ1z5Iss/fu/IPsVEolk1CTLC', 'Charlotte', 'Cousin', '[\"ROLE_USER\"]');

--
-- Index pour les tables déchargées
--

--
-- Index pour la table `category`
--
ALTER TABLE `category`
  ADD PRIMARY KEY (`id`);

--
-- Index pour la table `comment`
--
ALTER TABLE `comment`
  ADD PRIMARY KEY (`id`);

--
-- Index pour la table `post`
--
ALTER TABLE `post`
  ADD PRIMARY KEY (`id`);

--
-- Index pour la table `user`
--
ALTER TABLE `user`
  ADD PRIMARY KEY (`id`);

--
-- AUTO_INCREMENT pour les tables déchargées
--

--
-- AUTO_INCREMENT pour la table `category`
--
ALTER TABLE `category`
  MODIFY `id` int(11) NOT NULL AUTO_INCREMENT, AUTO_INCREMENT=21;

--
-- AUTO_INCREMENT pour la table `comment`
--
ALTER TABLE `comment`
  MODIFY `id` int(11) NOT NULL AUTO_INCREMENT, AUTO_INCREMENT=289;

--
-- AUTO_INCREMENT pour la table `post`
--
ALTER TABLE `post`
  MODIFY `id` int(11) NOT NULL AUTO_INCREMENT, AUTO_INCREMENT=101;

--
-- AUTO_INCREMENT pour la table `user`
--
ALTER TABLE `user`
  MODIFY `id` int(11) NOT NULL AUTO_INCREMENT, AUTO_INCREMENT=25;
COMMIT;

/*!40101 SET CHARACTER_SET_CLIENT=@OLD_CHARACTER_SET_CLIENT */;
/*!40101 SET CHARACTER_SET_RESULTS=@OLD_CHARACTER_SET_RESULTS */;
/*!40101 SET COLLATION_CONNECTION=@OLD_COLLATION_CONNECTION */;
